iteration,loss,meta_value_loss,train_avg_utility,train_std_utility,train_avg_wealth,gradient_norm,gradient_sq_norm,eval_avg_utility,eval_avg_wealth
1.0,-280.43053863834484,1.6940302288533609,-0.9322404944514774,0.14509250857510392,1.0979918218366755,9.99999924944055,99.99998498881158,,
2.0,-368.74297176509054,2.918864599628362,-1.0839669587128045,0.1918204890811491,0.9517894329187122,9.999999555854004,99.99999111708026,,
3.0,-158.46895240788749,0.5879127692584161,-0.906002316460095,0.11247469514154176,1.1219563697846495,8.253817390822794,68.1255015210488,,
4.0,67.75908691597759,0.4178627231427362,-0.9646757516272144,0.1408745388957556,1.0562675498846472,7.369376404155984,54.307708586130985,,
5.0,-46.09187885889243,0.2314724946880682,-1.0189553161157305,0.10480878404693872,0.9919897169620946,4.357328735163111,18.986313706278153,,
6.0,274.1163065618528,2.1000890511226062,-0.9086671371067718,0.13782444847625774,1.1261130187649206,9.999999383296647,99.99998766593333,,
7.0,139.93526954001965,1.1205482480083457,-0.8647360655897698,0.3458299889601251,1.3089840195081506,9.999999405717428,99.99998811434894,,
8.0,41.393002899560166,0.20552110146477526,-1.03485570453767,0.07764618432280376,0.9718136325680946,4.502202015400475,20.2698229874761,,
9.0,-25.99779278150347,0.2622901652040974,-1.0526944305721528,0.14005687458422653,0.9667265998031844,5.737740507367696,32.92166612988811,,
10.0,46.645583131886895,0.19358024292257087,-1.0079471901939812,0.10967728178938856,1.0052704040097074,5.222609380443019,27.275648740691416,,
11.0,-39.05357371748903,0.2968920619841767,-0.8873272087459968,0.11748967866258664,1.1460346630022944,6.8227917545523,46.55048732598685,,
12.0,128.6462574073995,0.6587916465073569,-0.9634590014488567,0.12166870918212641,1.0542902118127728,6.940445873277567,48.16978891989561,,
13.0,-197.3091521995757,1.161375317856191,-1.0720007757520824,0.128978757685929,0.9462862269650825,9.791050392747708,95.86466779332504,,
14.0,-89.17220666165652,0.2695981708884454,-0.9409725854361326,0.09770282199202415,1.0736034857359658,6.369534812233513,40.57097372425462,,
15.0,-47.47907304060569,0.296554139425268,-0.9120500172711933,0.13670880242577077,1.1194381470681851,6.294869442499562,39.625381298114746,,
16.0,-13.440802186997807,0.13136457940268093,-0.9569959960061969,0.1250637780424304,1.063361719348103,3.8853224690419514,15.095730688442245,,
17.0,-91.06467954776298,0.3183360782367597,-0.9992148424522047,0.10811994201193302,1.0133140233704134,6.586855423881828,43.38666437512146,,
18.0,23.535721417143336,0.12103342714765788,-0.8744023756269145,0.09557330097128039,1.1568113487281997,3.747797847665759,14.045988706968098,,
19.0,-58.2368841286056,0.1657756172595785,-1.0349361281699823,0.10257521532828483,0.9756391935832502,4.585365027749349,21.025572437706785,,
20.0,54.1407504195816,0.20961813013519254,-0.998972412697632,0.16818258122502355,1.0298294334652875,4.542976782812646,20.638638049174745,,
21.0,85.2308492998866,0.4334601276748932,-0.8472148795493627,0.09317144938824067,1.1941544699713589,9.570390649593882,91.59237718583401,,
22.0,116.40874242592112,0.5296017727339374,-0.9241384875352343,0.1043948601399864,1.0956799512969264,9.999999042845067,99.99998085690227,,
23.0,12.506025386923211,0.0981880195489558,-1.052471758070939,0.107021209053185,0.9596396960168956,4.141847463575048,17.15490041152306,,
24.0,-33.2029105177117,0.13602557155262968,-1.0334165968576858,0.11898280756220887,0.9801167126544912,3.2589382851858306,10.620678746649963,,
25.0,153.03740481781952,1.1979665412996212,-1.0375164123148815,0.26613872553419626,1.0323500074855354,9.999999412696676,99.99998825393386,-1.0477289209082112,0.963516716818424
26.0,112.85971727412284,0.6378190998117139,-0.9325016376654146,0.11267384467159974,1.0862600876118371,9.999999044599797,99.99998089199686,,
27.0,-118.72205575988927,0.48723190447925924,-0.9913181336596117,0.05682887595287919,1.0122814596838723,9.999999023941804,99.99998047883705,,
28.0,-113.33747400161239,0.43801810315324874,-1.0236090847985673,0.08499629475914844,0.9832845396696358,9.496746559450488,90.18819521443469,,
29.0,-147.01439203213477,0.8244116756466391,-1.0243444968095348,0.09246632595515128,0.9840426753563536,9.999999399259929,99.99998798519894,,
30.0,-121.88612345745952,0.6650759211101303,-1.0683669014638062,0.11652618635865847,0.9480672798273051,9.09854653811887,82.78354910631487,,
31.0,-95.52082721587536,0.9750058976636089,-1.2119214575422963,0.5319948745025856,0.9067714748799207,9.99999921221233,99.99998424424722,,
32.0,-150.38200295784785,0.9664690204484403,-1.0527157858981502,0.09371650761178289,0.9568165144461607,9.999999000944321,99.99998001888741,,
33.0,13.675613143232153,0.08823036498289458,-0.955370281214651,0.10006842331704748,1.0581632072054936,3.752098961534716,14.078246617149894,,
34.0,-16.546268261744785,0.05044956683513516,-0.9565533914109396,0.07632089293086342,1.0522108546590878,2.776671386500551,7.7099039886108915,,
35.0,42.386485204386396,0.191845978899444,-0.9612532374463818,0.08295870115499633,1.0480247643970442,6.317312336185929,39.90843515292692,,
36.0,-57.466632208068674,0.20851733402014155,-1.00222765209808,0.05282533341799706,1.0004470954185556,5.8883334156493445,34.67247041385267,,
37.0,-0.5878561872685325,0.09558991807576851,-0.9211498046841079,0.06466390289243232,1.091263041720238,4.204500499492703,17.67782445023439,,
38.0,-40.75508030174021,0.10338926061885798,-1.059604392097725,0.05052610380531797,0.9458188375531722,4.691843069520438,22.013391389006966,,
39.0,132.936984991622,1.2480214762501591,-0.9963806070440637,0.06358079454462151,1.0080114190204417,9.999999382043715,99.99998764087468,,
40.0,91.96506782638352,0.8160749061860932,-0.9827144173437415,0.06079068618688368,1.0216723465454232,9.999999337579489,99.99998675159023,,
41.0,81.9484305445635,0.5807847769162136,-0.9448843420976389,0.07069130477986281,1.0644493955663563,9.965446934810847,99.31013261053093,,
42.0,23.159786451132177,0.1148465130907432,-0.8571072633138189,0.12845750247349583,1.1947379576319146,7.413405793561986,54.95858546001841,,
43.0,59.649642562441656,0.3091452733877048,-0.9774602656807773,0.11933879960005511,1.0407834762510793,6.533203350402232,42.682746017706954,,
44.0,67.74566518682596,0.27551576391459043,-0.9870668642689416,0.05768603691802119,1.0164791102704598,7.17038742519321,51.41445582736891,,
45.0,-32.88511927977229,0.12744000192516775,-0.915818579492456,0.12778959786937275,1.1140804863913705,3.629722956270259,13.174888739275309,,
46.0,6.582170089922357,0.056696611674654326,-1.0552127960883193,0.06665682572708011,0.951565027044533,4.8095439025706135,23.13171255075417,,
47.0,-2.9240658701407414,0.12588237433665192,-0.9378727221951261,0.07804525269691338,1.0734465801026314,4.004441654069561,16.03555296084736,,
48.0,-95.1470637421809,0.44611573974071644,-0.9839543402807405,0.22623164877790305,1.0690982571801446,9.999999078855005,99.99998157710094,,
49.0,-200.80252475938119,1.4606120536744598,-0.9219321106955108,0.08166547797273944,1.09356534763996,9.999999257622768,99.9999851524559,,
50.0,25.57234122143402,0.08484351781395325,-0.9439452834128774,0.057724322762972305,1.0633545288007487,4.562277175873293,20.81437302949439,-1.0075582559606584,0.9963554835690414
51.0,-21.176954759222003,0.08239649757010556,-0.7616542819991639,0.1152581201606383,1.3452790015994085,4.244424299107991,18.015137630858362,,
52.0,-213.74989036755926,1.496071677406861,-1.0541111943223536,0.11313782549465273,0.9594476961325085,9.999999396763657,99.99998793527351,,
53.0,15.55210716650138,0.06966419723189887,-0.8514669067325131,0.15264339152118553,1.2139010183621506,2.7562464680325514,7.596894592541913,,
54.0,-62.50751163253219,0.3175770310192312,-1.1885426073101977,0.1995896566337015,0.8638351813731865,7.181462729272468,51.57340693192957,,
55.0,-69.55654832369677,0.21038565817438887,-0.9563101378095147,0.13584850437206783,1.0672559692513832,5.329935079817588,28.408207955070115,,
56.0,83.2573412245743,0.3385714921872582,-0.7523757076906279,0.12473630654249787,1.3638317172699619,8.144490106151606,66.3327190892014,,
57.0,6.646377728372096,0.06339359274909112,-0.7301083742522056,0.14057236550343,1.4224648530804274,3.4475704603379156,11.885742078994587,,
58.0,-130.69317437102765,0.908816250863855,-1.0754066328156207,0.3915179407313276,1.019165856596685,9.999999075746544,99.99998151493173,,
59.0,95.26061810499823,0.4713427171997696,-0.9851786921690282,0.10488280598603288,1.0267876698222536,8.645015464099302,74.73629237451608,,
60.0,51.42931103185226,0.18125974200924125,-0.8629330653727685,0.14300217286912167,1.1923394233761453,4.5073208630167425,20.315941362185992,,
61.0,-22.218901868079435,0.13663449527576357,-1.0183857539181689,0.10979805061249881,0.9938507986120969,4.068197193792035,16.550228407577393,,
62.0,-73.51736889745311,0.23311162572724378,-0.8947277893909086,0.07611745262284397,1.1254377642138294,7.078251464692395,50.101643797420024,,
63.0,59.30271635177487,0.2757157307670005,-0.8914108582999855,0.08370143440989958,1.1321148608637865,7.54733596652756,56.96228019164049,,
64.0,-48.27017543272716,0.12068061036878573,-1.045408253069132,0.09283044937005708,0.963692297252317,3.658579377083295,13.38520305841919,,
65.0,59.69419518963133,0.2543190692945874,-0.9293444486321503,0.14634551531557763,1.1043124290017952,7.066397092679141,49.93396787142422,,
66.0,-16.351514132958442,0.10025564567270524,-0.9400116448137067,0.07122935612109806,1.0695079121097817,3.1238977404889017,9.758737093031666,,
67.0,-13.920514753451194,0.07288094083108793,-0.7265556057193578,0.11981541060958811,1.4134549313915985,3.594868680742848,12.923080831785823,,
68.0,-118.59501198652066,0.609198577240234,-0.9202893165422109,0.07241857912237576,1.0935982565825015,9.999999083200102,99.99998166400289,,
69.0,-165.23611884743698,0.948793161490324,-1.135323994328532,0.11723644530904281,0.8900079657500526,9.538873243943671,90.99010276402447,,
70.0,-269.852302481325,283.09205569778504,-2.1572462268909787,12.328663443178279,1.8203483265614313,9.999999935722379,99.99999871444757,,
71.0,70.85169591710225,0.3415411988955045,-0.7949362444843616,0.13293314750172308,1.2902496464785178,7.724801313653769,59.672555335427,,
72.0,67.18770541346996,0.5568763218121111,-0.9263560408506648,0.1437550040848772,1.1042856155102778,9.77065056076636,95.46561238060397,,
73.0,64.2988057609843,0.24554594265110233,-0.7195780154597968,0.13843593751247532,1.438888528885085,5.500814714590171,30.258962524251743,,
74.0,83.17036250982416,0.41383388036092694,-0.6885299272663432,0.09796235027071039,1.48099467716073,8.991121896653642,80.84027296048458,,
75.0,32.19707078767091,0.12778324725816426,-0.7494171719519251,0.16664555937071085,1.411236446594043,4.508500632508097,20.326577953325916,-0.938400339279627,1.0724100923089601
76.0,-91.50505444822683,0.4351618405045602,-0.9175762090791224,0.14875133471951615,1.1166698914180906,7.556781553090514,57.104947441129084,,
77.0,0.025567138061233896,0.13092426138981872,-0.8128803602407415,0.21689225043487145,1.3048188596497217,5.00043309629211,25.0043311504935,,
78.0,-22.035479896641878,0.06236678424596789,-0.8258000863430284,0.11520526983553972,1.2361361846804624,3.641723703451663,13.262151532281695,,
79.0,-115.3191697483202,0.6252913074146362,-1.2162781188857181,0.13836958583628878,0.8326472192266394,8.58649231851787,73.7278503359664,,
80.0,-46.053783355919215,0.1637028189595922,-0.8975354240980962,0.08581628568744895,1.124735193781816,4.490317750744738,20.162953502653277,,
81.0,4.0405014167612325,0.05858520946637372,-0.8718809915672012,0.08921647630943208,1.1594031967194522,2.9527928235292307,8.718985458685726,,
82.0,-54.59151603583144,0.19320821378679634,-0.9213518267748091,0.10705538009177565,1.099245270344623,5.634777176257246,31.75071382606958,,
83.0,23.22360331015089,0.12504468945953282,-0.8837376689315242,0.1110535218903829,1.1505404474779946,5.852099735561234,34.24707131495587,,
84.0,-106.55233647417386,0.7467441948559795,-1.1800679267287215,0.14084233910634203,0.8589953470736856,9.999999097520519,99.99998195041118,,
85.0,-48.75144114351649,0.17577133072313322,-1.086994637955804,0.11634722961110988,0.9301277458103615,5.473661762957455,29.960973095262517,,
86.0,-76.56500677718375,0.379161918682952,-1.2315367086851272,0.14197501084926956,0.8228496078520219,7.942257463951949,63.07945362370045,,
87.0,23.30154455766771,0.08784957861363905,-0.8024783166657907,0.11581656771711499,1.2713225843702658,3.3475505586178627,11.206094742502765,,
88.0,-27.10363479523246,0.11822120371892861,-0.9280134665310711,0.10283925880886793,1.0911026472015624,3.712345739831183,13.781510892042734,,
89.0,17.935725385714814,0.27710029318867424,-0.8974350901069166,0.13724254795843652,1.1404712008158844,7.285748692088967,53.08213400427609,,
90.0,83.29637703347916,0.891395210113304,-0.8476823492748425,0.12448919029941552,1.202808120982112,9.999999084905731,99.99998169811545,,
91.0,35.80685427432408,0.7123741770131766,-1.117225198367715,0.12156247760638766,0.905049422271732,9.999999121328672,99.99998242657422,,
92.0,33.168651486342334,0.3123998487105879,-0.9181808934219489,0.10477492850883648,1.104017639819304,7.673246449852165,58.878711080168856,,
93.0,-24.408548151310626,0.09128290151068863,-1.0192304974915847,0.11757815362965535,0.9944705504017621,3.1977762728757972,10.225773091367424,,
94.0,-29.876806829356788,0.1451581390371728,-0.9600136172653828,0.06801133751775043,1.0470764268486081,4.806838988290159,23.10570105934636,,
95.0,4.21116350160333,0.03188333045683482,-0.8731586114441683,0.10459866130249036,1.1620641979355442,2.4897477526991523,6.19884387207048,,
96.0,-4.159598236735214,0.028128734329472462,-0.9367187105325616,0.06839171998139258,1.0734205467050288,2.4985406842300657,6.242705550752845,,
97.0,16.760533114579214,0.16385490440269057,-0.8913105610434735,0.11999732273064083,1.1419450050548483,4.363988579846135,19.04439632502748,,
98.0,-13.730638685871973,0.051862690130934475,-0.9828886405234687,0.06081469094708136,1.0212050318741124,4.03679605887734,16.295722420967625,,
99.0,-21.58950840783715,0.5603163119009826,-1.0369207511863798,0.0802580879228197,0.9700001268579239,9.999999275876126,99.99998551752306,,
100.0,-10.491508990260488,0.2750880486951523,-1.0356404282961722,0.09873591564017306,0.9743556567989402,7.079447611853911,50.118578488984035,-0.9670499837523052,1.0369913891289568
101.0,22.178045525727537,0.3064137648770204,-0.9693939143449248,0.08780397065996008,1.040312570189919,8.84045594280969,78.15366127675918,,
102.0,23.683855354880023,0.1668289411083844,-0.8054652635325219,0.1369492508725793,1.2784523260039862,5.969847757606276,35.63908224899668,,
103.0,-6.115941838589698,0.10936963901192494,-0.9554769983131092,0.10062814085249039,1.0583836477153126,4.062671464959541,16.505299432196505,,
104.0,-17.98892091639942,0.06450227064497287,-1.005102920252459,0.07457653699802663,1.00021542615514,4.302077380242499,18.507869785594167,,
105.0,-18.50857261606388,0.1345238380393211,-1.1280319721394751,0.14677449751913885,0.899381602995968,4.689298188266087,21.989517498475607,,
106.0,0.9290218957265852,0.05412673930097901,-0.9781375756308581,0.10761652214351396,1.0347464192578713,3.1793067636406644,10.107991497331277,,
107.0,2.7709512199137594,0.22641090910639688,-0.923785495172619,0.14506854126647598,1.1123622071818975,5.348404888280145,28.605434848978952,,
108.0,4.968177037806279,0.10703239789927489,-1.0512680262943712,0.09008843366351958,0.9579159878116617,4.454229311247423,19.840158757175693,,
109.0,22.09771049330891,0.19309263497192344,-0.9115352680267108,0.0668762477039258,1.1030177370928618,6.7341481324991115,45.34875107044127,,
110.0,29.093181453085244,0.1893753397487932,-0.8653293952147911,0.09775154111120457,1.1712186594784773,5.424354261565419,29.42361915496293,,
111.0,-8.08892162434059,0.042496778548774955,-0.9714741733500083,0.06977205734779389,1.034903992055571,3.237511140633987,10.481478385729181,,
112.0,-2.3914966199414334,0.09190315551416424,-0.9381551253405702,0.09823309970495486,1.0780211008924452,4.348584404167194,18.910186320166147,,
113.0,6.871055186798522,0.06318249660058693,-0.8457986253220002,0.11685355322688905,1.2079968695683179,4.306510109883814,18.5460293265315,,
114.0,-21.596366559387857,0.28043111741260907,-0.9493430632325,0.09129708305130069,1.0639652860205882,9.999999151435745,99.9999830287156,,
115.0,11.09438165925873,0.09169836566419706,-0.8618422381536515,0.14113115424487804,1.191349820068527,3.91985352403088,15.365251649857308,,
116.0,-11.215396977545659,0.06269394662673418,-0.9477209905117943,0.0351524637498644,1.0566323988392843,2.9388768682543875,8.636997246760718,,
117.0,-6.8849511893285396,0.061715357248566215,-0.9886529344498753,0.13418126831918975,1.030945962789865,3.7365822319091855,13.96204677581943,,
118.0,-26.358749924871486,0.10986581719387847,-1.0665812977509739,0.07147078881128904,0.941327727454163,4.242809215503644,18.001430039162642,,
119.0,3.467729777066431,0.05721519040257278,-0.8933384989903024,0.10734869410027656,1.1373018529989327,2.0214419950467195,4.086227739338462,,
120.0,-3.950082827059691,0.059209533811637696,-0.9676336128265278,0.07151526481215298,1.039232990635718,4.914456736262984,24.15188501260062,,
121.0,2.8697856711561824,0.10443833614808318,-0.9277659032744081,0.08328697206974854,1.0868244085799756,3.132860466040101,9.814814699677001,,
122.0,-30.284238818052632,0.263679917236053,-1.10862602140159,0.15129044150210266,0.9164287088906391,4.499966575736293,20.249699182743818,,
123.0,12.50829243231205,0.09936245753209402,-0.7752960632140729,0.11798983284674526,1.3233403901798253,4.671568331427782,21.823550675198952,,
124.0,16.040486369720444,0.320995371010419,-0.8977009537780923,0.08998717893807097,1.12607077026178,8.79364675021694,77.32822316760095,,
125.0,-7.25760082920577,0.03955265365994859,-0.9782816572381572,0.09060050064453934,1.0308166617327847,2.2419706530953363,5.026432409340728,-0.950168229384601,1.0582786637730945
126.0,-9.090459945955121,0.13955389367489435,-0.9264812230154356,0.08083405171035506,1.0880478258777,4.133605168638857,17.086691690197874,,
127.0,-2.092225267072844,0.045388008858697794,-0.9234818734645445,0.06805778914835232,1.0894085656130579,4.0499292309301955,16.401926775542847,,
128.0,-6.011389907300872,0.03620268822853977,-0.9688918543739271,0.06198538694914615,1.0361536282160495,1.5015826501245426,2.2547504551550444,,
129.0,-17.40544404575766,0.0653592837398861,-1.1027754472607953,0.09167662909458389,0.9124188470377872,2.7037523980372318,7.310277029892081,,
130.0,-6.387736239879563,0.060155547924679295,-0.9116900562775084,0.09308322572188221,1.1088458509917725,3.248484087835961,10.552648868923436,,
131.0,-14.459313648813426,0.08332622585716588,-0.9726383839702187,0.054082939286463544,1.0313641241711613,3.518388980832475,12.379061020443384,,
132.0,-25.95724179657652,0.10631851168444961,-1.0142563166343026,0.07723516474722658,0.9912192123515317,4.008930128020303,16.071520771348887,,
133.0,-24.29948228009244,0.1471580937782882,-0.9585948435813174,0.08989206168401224,1.05309054733745,4.068011428293163,16.548716980723782,,
134.0,7.33899658594866,0.09904496953618523,-0.8916588120337989,0.11023009449996175,1.1416851801706287,5.261083748266823,27.67900220627728,,
135.0,-11.618016494060686,0.03112295624782787,-0.923801654380821,0.06979903354282041,1.0887146294668113,1.8614720412109764,3.465078160210159,,
136.0,-20.587354944619758,0.09118694510349953,-1.0072841847439653,0.0828904975247226,0.9989911440603294,3.4036652004563015,11.584936796797235,,
137.0,24.896221827232544,0.28443835396021844,-0.8809983259423395,0.0772379489205332,1.1437574463065905,7.697274166019582,59.248029586872455,,
138.0,15.0797604482917,0.10780436975269081,-0.909003755980639,0.12565067741557287,1.1216891870235848,4.296339813314809,18.458535791473924,,
139.0,18.797436176461282,0.2418646979165226,-0.7742442882214693,0.12846236049581122,1.3317113989406164,8.453062028665544,71.45425766046723,,
140.0,3.095483164320467,0.03222104459537686,-0.9738657452658976,0.07410779586080016,1.0328658788702025,2.500179780629182,6.250898935466985,,
141.0,-2.654498111904921,0.017061666188933726,-0.8873500855335945,0.07044786064710454,1.1341662255968363,1.3161347942543429,1.7322107966469216,,
142.0,-3.889475128266955,0.0987436413409952,-0.926795797794121,0.0624606720636685,1.0842755583881294,5.661921435614721,32.05735434307346,,
143.0,-24.912515787989488,0.1393445821364691,-1.019483031878544,0.05998457677131026,0.9842053261478522,5.181876556557571,26.851844647400945,,
144.0,23.66883959267174,0.09916546376319901,-0.8100665986587622,0.13996202348276418,1.2737420477678556,4.616679510438596,21.31372970210355,,
145.0,-10.62497473577436,0.026298833429225517,-0.9524229496644956,0.049573361893481854,1.0527531505373267,1.7094994089246802,2.922388229113831,,
146.0,12.629111396795668,0.05488931273352965,-0.7217429780230974,0.11836585076502369,1.424238275185401,3.5268724736228343,12.43882944519845,,
147.0,13.46282795390853,0.05091431277454468,-0.776913469491023,0.09707976398124006,1.3085124237749672,3.1535001821400526,9.944563398757346,,
148.0,-81.75916683399242,0.9258374744257625,-1.1848399653284183,0.25402338299760774,0.8764206146185431,9.999999446968568,99.99998893937166,,
149.0,-20.037012551217483,0.17750718023757758,-0.8669663542247569,0.07930616711799472,1.164119853310479,5.9392155954925965,35.27428188974248,,
150.0,-17.50850585027473,0.24760770269535576,-1.0283009232348852,0.09352432862936645,0.9806945189434952,9.564895902541647,91.48723362645799,-0.9299966873781168,1.086383902733026
151.0,-1.058024552957519,0.043732631230950364,-0.8364697522375587,0.1286220306572496,1.2259133037652337,2.710606146644446,7.347385682226653,,
152.0,-10.53528387042375,0.04042726771234639,-1.0379095293749816,0.06929896381472171,0.9682542888872991,2.6443807269482007,6.992749429055095,,
153.0,-22.56186707620779,0.10129009629368058,-0.962731746933946,0.04105020839583043,1.0405682209711573,6.008797813267319,36.10565116072611,,
154.0,-1.5706303391166403,0.04811042506882293,-1.0034147452068942,0.08053418605574839,1.0034921237566983,3.8762180552170045,15.025066411590297,,
155.0,-3.936180707943443,0.01652310729713936,-1.013039387021748,0.055703757514238506,0.9902372937677857,1.7259818280509167,2.9790132707619845,,
156.0,26.413140479223195,0.24988412397760001,-0.9235808085930742,0.0775787828107133,1.0905637454802242,9.999999019967511,99.99998039935119,,
157.0,-2.0900546460344187,0.030289206980757738,-0.9650557762566297,0.051614996910323264,1.0391712653995886,2.119728078850453,4.493247128267032,,
158.0,7.275693235901928,0.10222770881534071,-0.9283450828368263,0.06331599472320908,1.0819149638017196,3.9309242525607986,15.452165479370674,,
159.0,6.880491573866955,0.1526892529962956,-0.8931141401121664,0.08112666020765086,1.1289832839511194,6.802045991620084,46.26782967211486,,
160.0,16.860866408036745,0.185044414326384,-0.8197639542437745,0.07742610591174731,1.2314814309364155,8.051913566711052,64.83331208578551,,
161.0,4.452079016193849,0.034537449070706924,-0.8529681071208591,0.09523338026504413,1.1880222098786961,2.3051907949021624,5.3139046009016635,,
162.0,-9.625396982024263,0.02743940830735573,-0.9075700359499262,0.04085421743866044,1.103954519841579,2.0989939758229292,4.405775710540947,,
163.0,-0.7172612937480203,0.03324978204228411,-0.935900515170343,0.10930220797326734,1.084009607976857,2.384496657800309,5.685824311060842,,
164.0,-10.372868054689038,0.03847993246656917,-0.9565288154252312,0.06008586344965099,1.049549817211049,2.0815665018762477,4.332919101733319,,
165.0,-4.811586061001691,0.07751175016344272,-0.8160742285519016,0.1365444190414159,1.2647308864555922,4.00261308270074,16.020911489807123,,
166.0,13.61573684008672,0.06494536265121834,-0.6684847302217869,0.08663577806086867,1.5239995035236849,3.9460467214364257,15.571284727759164,,
167.0,-46.89973084830148,0.6263506145591522,-1.1656124403977768,0.0923381990976264,0.8630855870763621,9.999999175796479,99.99998351593025,,
168.0,-5.322283700052655,0.06268964668643667,-0.8361399113372051,0.08660327093902313,1.2090016165373623,3.5716656046829303,12.756795191675081,,
169.0,13.633651802105117,0.09742946776677258,-0.7741034313476982,0.11313442391951743,1.3230116594477475,3.8114536333436546,14.527178799128546,,
170.0,27.589547343701586,0.15766787697203813,-0.6499586647005983,0.14947082008031895,1.6220048883136302,5.8864045251705255,34.649758233948035,,
171.0,-6.682398774851076,0.07466347204290896,-0.9876685531395551,0.07438113093851256,1.0183219122679898,4.423297793806959,19.565563372697508,,
172.0,-31.373372992407948,0.18674375373589475,-1.0178172980319273,0.101249333790158,0.9923837707342674,6.211327838528366,38.58059351767746,,
173.0,-12.61592766257864,0.0848656063843482,-0.846381488713627,0.07891333297227904,1.192083604908291,3.7161998040797837,13.810140983842622,,
174.0,11.952401556108466,0.08626575318534474,-0.7869825230520259,0.08583844176704566,1.2856977596589374,5.386505357255909,29.014439963746604,,
175.0,-34.0002337292823,0.24954604187152016,-1.0082211831310857,0.05741171980906633,0.9951336268588735,6.124535188379547,37.509931273699294,-0.8972521518355934,1.1427518207866338
176.0,-12.959516717498525,0.04325449259782539,-0.9266345295276162,0.0882807395693017,1.0890036746686136,2.5645928553217106,6.577136513567164,,
177.0,-3.6937155584566645,0.02483361176410355,-0.9688778673081442,0.061014317478668645,1.0361326111089333,1.677404819712198,2.8136869291937114,,
178.0,18.89085487052222,0.07846498487441553,-0.8507370615223304,0.08492058379492913,1.187292223354409,4.108602422812265,16.880613868738813,,
179.0,34.9746327048955,0.31386906515070767,-0.6740149582551356,0.14991934060526502,1.5669731421927704,5.668338661571127,32.13006318226196,,
180.0,-12.133311312237696,0.060978425175701095,-1.0209605505529291,0.08000763021895736,0.9852909959965488,4.175546722538722,17.43519043210386,,
181.0,-7.143988731348724,0.05412810701584646,-0.8751871906891038,0.07121155673192558,1.1503252240967585,5.06787831418108,25.683390607346865,,
182.0,-51.55223319164321,0.3631674396451282,-1.1428116557319954,0.10829738096179348,0.8824083871413534,8.0609217537531,64.97845952012995,,
183.0,6.531641410918156,0.03938373392013083,-0.9043982126376857,0.10585764421555341,1.1220501900568949,3.280370265675132,10.760829079925536,,
184.0,2.8773143864599944,0.038044631798007676,-0.9256871924020572,0.07025355850772388,1.0867421103902377,2.47051177144735,6.103428412859925,,
185.0,10.924904008143589,0.05054140131915148,-0.7779108924348324,0.05833979757426402,1.2927299848992377,3.1278485577682,9.783436600332609,,
186.0,4.623283815645751,0.08686356624700509,-0.635104385030333,0.07536856048690409,1.5970388463415233,4.487458304942538,20.137282038597757,,
187.0,-4.813399286040194,0.022145299651528443,-0.8537175634224721,0.07686508683410306,1.1811419691026206,1.7938593476173026,3.2179313590339746,,
188.0,-2.0784516774789656,0.017297284308598795,-0.7812432570499156,0.06130544210726308,1.2881844294611546,1.9109619902824881,3.6517757283044086,,
189.0,-41.185887497510734,0.6264060646541219,-1.1337273469609292,0.14652445648544105,0.894786701690466,9.999999159472829,99.99998318945728,,
190.0,-16.589959602753208,0.25794476649376963,-0.9516879180954362,0.0812817407287546,1.0582549032533843,9.999999008779879,99.99998017559855,,
191.0,-12.789758077585157,0.15599999399425396,-0.8958887803173072,0.04481537483107363,1.1190329163927573,3.553680508320972,12.6286451552204,,
192.0,23.11027397824869,0.13512199559054305,-0.6736179075085189,0.09033006860926428,1.510156094917369,4.6308098708427785,21.444400059894914,,
193.0,16.326845224628254,0.21515099296839552,-0.627578094537238,0.15384924398812858,1.6848631557277618,8.502830432279364,72.29812536009607,,
194.0,3.130220535601441,0.062382637315620104,-0.8937674999961684,0.03675445814606508,1.12084360672544,3.922665775138722,15.387306783444672,,
195.0,1.8320592890039793,0.07669942658328519,-0.9154834656124622,0.0728024494101812,1.0994671139848073,3.8710211340291583,14.984804620100391,,
196.0,-1.2526677367662593,0.048296335983830714,-0.8380714925901109,0.07138732876374654,1.2020909105267505,2.7468038237228667,7.544931246018562,,
197.0,6.90802727337636,0.04972638639043048,-0.8895060731929585,0.08407110251034361,1.1345516893103604,2.7233775394193143,7.4167852222135995,,
198.0,1.6883659901952766,0.03760397963059437,-0.8817822120939149,0.10202751573529804,1.1510609684808193,1.993034962645928,3.9721883623290557,,
199.0,-12.134574981194522,0.18136364123283155,-1.1287502388468167,0.10448850533302792,0.8931467645983837,8.062671398909833,65.00667008679865,,
200.0,-5.254151847935414,0.058612953079856256,-0.8939171991623628,0.08047027284367221,1.1276414568327806,4.888754917624615,23.89992464459886,-0.8662141837014243,1.1961234486008814
201.0,4.561039488404855,0.0758240499833411,-0.6380026442654303,0.09563721233816716,1.5999426943895072,3.3652604112057514,11.324977635228702,,
202.0,6.92382837812959,0.09716655933498813,-0.7831065721415764,0.11945731494607831,1.3059428224729084,4.689154842596705,21.98817313784813,,
203.0,-3.044702404498757,0.11134941316000435,-0.6971282407450985,0.09620980745175756,1.4627873242077354,5.458083660067354,29.790677240294244,,
204.0,-4.397220157988971,0.030152805412595452,-0.8011435525769633,0.08579036021846712,1.263828138703328,1.922779121491219,3.6970795500425444,,
205.0,5.97534474946897,0.45689163601029004,-1.1019937348843845,0.1179485100479882,0.9173036581817755,8.34914603583737,69.70823952773887,,
206.0,0.20326326447333787,0.049305798295346044,-0.7561712732957422,0.08754151099079598,1.340280604262259,3.2043550697929386,10.267891413307709,,
207.0,11.515992294017138,0.09511534287424547,-0.5612170051939269,0.13629398067827753,1.8898523941988694,5.841874826619625,34.12750148989207,,
208.0,-12.725188269846235,0.04703104993980885,-0.967978226549687,0.06678618214376215,1.0378750647376862,2.807247872570054,7.880640618049092,,
209.0,21.39723007382854,0.09962855288400937,-0.6502469057828181,0.13979269895452232,1.603156953667773,5.572795966217959,31.056054881095157,,
210.0,12.492344918092122,0.0770482135800852,-0.853253327943747,0.11480519525529338,1.1935927624650204,3.9450900287404056,15.563735334866973,,
211.0,-27.092349378863865,0.21918407893672004,-1.2077809338856889,0.12618019854443388,0.8365770374192387,5.370745295974591,28.8449050342332,,
212.0,-5.382251759254923,0.053586921475058405,-0.7371945434671039,0.0728992315529022,1.3699832123409326,3.429235909700713,11.759658924380876,,
213.0,-15.360946417845243,0.12634677045463347,-1.0960392600183102,0.062244520384502,0.9152617113286312,3.450967267699014,11.909175082729998,,
214.0,-9.008488482262626,0.05097556190316289,-1.0054344895218608,0.07312789016266565,1.000073103802836,3.800123059990022,14.440935271067929,,
215.0,-14.143098796562317,0.2317787648330377,-1.220588147281879,0.1106742309205645,0.8257766183362496,3.814691784260919,14.551873408907756,,
216.0,-6.627735942274199,0.13192863469791732,-0.9867551202794299,0.09444394912641228,1.0227061354186395,5.05748346408217,25.578138989464595,,
217.0,-22.73272202195899,0.05647073475676845,-1.0471527691202056,0.07130991348306329,0.9593989244519181,3.1790741595932737,10.106512512193678,,
218.0,-46.7396688462267,1.094757188345846,-0.7010279497265767,0.07379419682832877,1.4423512996881493,9.999999327934152,99.99998655868347,,
219.0,-48.91944570285939,0.2455516836878348,-0.9936904752723419,0.05671798938311867,1.0095319090034045,9.93553657422401,98.71488701774297,,
220.0,-93.1646813922934,1.6555817848949483,-0.4086182589238907,0.06640638944687302,2.506868091505817,9.999999689209318,99.99999378418647,,
221.0,-52.927686473756125,0.22249939140352704,-0.9375286067818664,0.05337029875126855,1.0702480493266395,7.07052312150678,49.99229721176198,,
222.0,-59.917062982345406,0.631968501947022,-0.5336314788827193,0.1260553418826487,1.9756823625667044,9.99999910568344,99.99998211366959,,
223.0,-20.45846963688017,0.11659603736613919,-0.8187599775022754,0.1013724700665105,1.2399675935100072,5.513736568236432,30.401290943907664,,
224.0,-0.47133870992525795,0.03020997085243498,-0.9607192664978343,0.056505550337928916,1.0446218166504746,2.5846816406021094,6.6805791832656105,,
225.0,12.050321743525382,0.15553585035283507,-0.972786625607756,0.06624331287681565,1.0328095485456923,5.710935191936178,32.614780766495116,-0.8806004232367028,1.175679919615382
226.0,9.749208070460881,3.227466693811626,-1.795686780290609,0.5767733565882213,0.6034981368301416,9.999999612424393,99.99999224848801,,
227.0,13.00546456614178,0.04884323359602035,-0.8991663644311672,0.051513937073434754,1.1156864402726252,2.5610347356737933,6.5588989173277366,,
228.0,33.26091514384861,0.1651354160039123,-0.8199453038612904,0.07191267265469829,1.229022900151191,5.248794115593676,27.549839667890804,,
229.0,67.82391544729083,0.6574750979337805,-0.892800070114504,0.04229382756591317,1.1225271964662156,9.999999190361073,99.99998380722212,,
230.0,24.841047927458067,0.12786869254121702,-0.9358695548878935,0.060374462563830555,1.073346365475695,6.749554290587765,45.55648312159171,,
231.0,17.254943363354066,0.4115620381569455,-1.1359766132335947,0.09291273944104805,0.88585992822336,6.0809490446249885,36.977941283325556,,
232.0,43.52511232463994,0.11053361629100572,-0.6480761860582158,0.11214118353656559,1.5900661777745235,5.969376358694799,35.63345411174438,,
233.0,13.84227911298116,0.08272615047923135,-0.688852751417153,0.16851080462445445,1.5321408854007679,3.337006120563099,11.135609848675585,,
234.0,13.561540777434129,0.02530158907843602,-0.8218431886538424,0.06904612772110105,1.2256324491818134,2.0018881011179084,4.0075559693974645,,
235.0,-31.777148184326983,0.21421783787849957,-0.7815205127459626,0.09272702007114707,1.2993576869173304,8.381393134561701,70.24775087607803,,
236.0,-26.341229283418826,0.052690436549732156,-1.0523170168630849,0.058705053207085786,0.9531601301996201,4.545237430106086,20.659183296037376,,
237.0,-93.09338977995523,0.8939998358078655,-0.6336387801371413,0.11350751813989543,1.6312129850842605,9.99999936984886,99.99998739697759,,
238.0,-17.977848791450576,0.0435778777388616,-1.10617996286636,0.09565974923593278,0.9103693635440397,3.4367147435527943,11.811008228553147,,
239.0,-92.81832057572251,0.5923430249721566,-0.8419901069171443,0.07125111282663905,1.1972093579445615,9.956067224678144,99.12327458231036,,
240.0,-37.05448123938856,0.24472805864173625,-0.5828777208741849,0.11538920441361102,1.7770431665740993,5.123115565791938,26.246313100459652,,
241.0,48.84624551472656,0.188812572239212,-0.9280515485526579,0.06648215372363778,1.0831075727212474,5.710999383900678,32.61551396291392,,
242.0,-18.78983265292898,0.08118871722007195,-0.622649811457129,0.07328322473838467,1.6289251258928488,4.3822960840626335,19.20451896839069,,
243.0,22.09011020338161,0.06190150459728938,-0.9764972930621567,0.04018307797739551,1.0257761242377668,2.8692318343220653,8.232491319087163,,
244.0,32.427570928848674,0.10070666393114955,-0.7941984623273682,0.17806086482229974,1.3211134425817233,6.542132680196804,42.79950000529902,,
245.0,62.863751122831644,0.1850855009846114,-0.8767797853137727,0.12862367557951646,1.163827338686491,9.999999248020213,99.99998496040484,,
246.0,12.787665557510621,0.014881239265288223,-0.9283619764517964,0.044767117230340894,1.0796742207773713,3.4114800130313148,11.63819587931214,,
247.0,31.77107088723498,0.0838676856421541,-1.074303755734191,0.0859630665498696,0.9365419712292875,4.249416410122531,18.057539826618658,,
248.0,-36.72399850332895,0.08502466435641684,-0.6502056906915924,0.0847750190011527,1.5653694798691342,4.868862311947138,23.705820212699237,,
249.0,80.06587062625704,0.26455375186333807,-0.9866714874183522,0.041674629068643804,1.0153019065474789,8.988445309430597,80.7921490806249,,
250.0,-13.499411249678253,0.04534611032217403,-1.1465555838818775,0.07574781196632847,0.8757531784560499,3.0231180419695294,9.13924269568168,-0.8781911333254606,1.1761743430913887
251.0,-35.159612925356285,0.07034379047854829,-0.8611211426848691,0.0804922281384295,1.1720442611949995,4.394091901322813,19.308043637270735,,
252.0,68.58999883170543,0.18836208083816852,-0.9769198240656061,0.10259902628208521,1.0349991147658368,6.813279189475591,46.420773313741165,,
253.0,-17.612840156976887,0.04894958436760086,-0.8507252981220141,0.05268884066337652,1.180112337195145,2.513339601504218,6.316875952489383,,
254.0,-13.205942687976407,0.02508489653301264,-1.0042706715618357,0.04559397284945472,0.9978022847943719,2.328449094037325,5.42167518352324,,
255.0,-49.6671012529633,0.10249888578294597,-1.0930516053073562,0.07816662107962809,0.9193018266936686,6.465513447634916,41.80286414154794,,
256.0,-86.89498968318449,0.22013507407477445,-1.025758288206151,0.060886903048985315,0.9783563506382558,9.535656959301969,90.92875364548408,,
257.0,-65.23375057264104,0.20701152391225688,-0.8245595289824981,0.10040472771122233,1.2323215578293936,8.105048549623929,65.69181199176096,,
258.0,-16.63250727339665,0.039870055815563174,-0.6839918700334222,0.11195538412462258,1.5036314025056527,3.5849815720422726,12.852092871882686,,
259.0,-58.35982408550193,0.1011766803079425,-0.8635939622204458,0.049088328619391525,1.161702243792838,4.686425428739866,21.962583299139634,,
260.0,-3.5393607944098817,0.03505993414935371,-1.062971199110299,0.03574441058037318,0.9417993906249866,3.817334504067885,14.572042715947207,,
261.0,4.152164043344914,0.041703126277471456,-1.0665796560841576,0.05872428257169002,0.9403901392920195,3.236303229393492,10.473658592582746,,
262.0,95.28189313501736,0.23883913047043898,-0.9010016989864733,0.06007914824231301,1.114860333200669,9.745905156133347,94.98266731234656,,
263.0,65.18533559630312,0.09598602655365518,-0.6668705094372814,0.04297788654512991,1.5062300355818687,6.729538876214333,45.28669348648006,,
264.0,48.602620148739675,0.05349437714837593,-0.8719190611647807,0.045916933505588745,1.1502120368555162,5.858164363384715,34.31808970843064,,
265.0,76.79523090484537,0.1127064359764645,-0.9797128714593055,0.08900133656075732,1.0287251147504706,7.234608358837876,52.33955810576686,,
266.0,60.17727384188069,0.06324127485327732,-0.871671734504981,0.0857274186287061,1.158672551552154,4.889416068161496,23.906389487595817,,
267.0,-14.471677597384403,0.03225126054093943,-0.9098364226742199,0.03727813693040926,1.1009591245469919,1.9889274684889715,3.9558324749099487,,
268.0,-1.857226577150124,0.010549839398922843,-0.9432247615648676,0.04833808647828478,1.0629835873075546,2.1043972953042336,4.428487976483774,,
269.0,-27.224786195711687,0.030157134821799544,-0.8317882879001133,0.06737784521548024,1.2099580250989703,2.262018157991061,5.116726147081273,,
270.0,20.846007199854146,0.04917720093248338,-1.1306941500740662,0.10796221380344627,0.8921309720016066,6.913697327450414,47.799210735595004,,
271.0,-33.11027807743294,0.02321798639301316,-0.9355144853549667,0.04034503899834979,1.0709277413392033,3.8201514926466587,14.593557426770495,,
272.0,5.73377196291558,0.019438137751968673,-0.9551644005044684,0.046282983438428044,1.049425672626514,2.8440688168414114,8.088727434929707,,
273.0,-83.32049170549507,0.09918197689758841,-0.9690332499120217,0.03730764927995443,1.0334768422793699,6.810346460001834,46.38081890525952,,
274.0,-67.93709173969005,0.06643977152556138,-0.9279136306239125,0.022487081012727582,1.0783153234617306,2.45187238358446,6.011678185384142,,
275.0,3.08995523131045,0.013086597494484504,-0.8856456846023283,0.03641228905104515,1.130991050857649,5.4173430781700675,29.347606026597145,-0.8957116968797127,1.1490935059267353
276.0,-17.402574936146586,0.027824328963203082,-1.0632930096355917,0.05886303103496626,0.9432062406109105,2.85906954458956,8.174278660799555,,
277.0,-48.62763555610803,0.04430574087505098,-0.7572050437537532,0.05740563481677844,1.3283858907919868,3.850117777620526,14.823406901549621,,
278.0,-50.57399238046134,0.06082199017876191,-1.076651944103682,0.06259881594287868,0.9318004756880718,3.2572079512932177,10.60940363796776,,
279.0,-99.58501238295719,0.14421936054130832,-0.7593378607629174,0.057072147750472764,1.3245538017679483,9.999999244011034,99.99998488022126,,
280.0,-52.803947858055054,0.06933188325753958,-0.8474218944022645,0.09495129125573686,1.194721454218455,3.663108497974285,13.418363867931422,,
281.0,-75.24700379120074,0.1119513837147062,-0.8840522102486326,0.07385998440250094,1.1387395680363779,5.176643014965716,26.79763290439334,,
282.0,101.26191635415843,0.13639118742113515,-0.7010781766779408,0.0914640763019339,1.4500262140876627,9.999999267599222,99.99998535198498,,
283.0,-49.86798311104948,0.07067093768741492,-0.8282335729278987,0.03115813589131638,1.209067711925427,5.878691417778135,34.55901278545829,,
284.0,88.57629914240107,0.11499161435621702,-0.7800068593060456,0.1319781926534716,1.318717561067694,7.877732948849561,62.05867641338999,,
285.0,173.0574660947554,0.3871010998511125,-1.0334772439126032,0.029911400654832863,0.9684209682517573,9.999999442535605,99.99998885071241,,
286.0,54.82804967089618,0.09801313571590081,-0.798920638604679,0.20135895423124409,1.3253757377820743,8.533720786657767,72.82439046463485,,
287.0,-103.1237666555946,0.1540818326162614,-0.6293682486283665,0.06911337417328511,1.6079857093025276,7.648395453633744,58.49795301516532,,
288.0,-30.987560520737986,0.043268281914768184,-0.7354621037751301,0.08182233272542336,1.3764912745590008,3.229613440853588,10.430402977342151,,
289.0,117.26399927264806,0.1822386452021474,-1.0270085852307425,0.03139673093968772,0.9746155066667275,8.665038680024056,75.08289532631304,,
290.0,110.21915001863523,0.15571550064182782,-0.9836340558456087,0.03043036908082085,1.0175885369592532,9.999999298678304,99.99998597356658,,
291.0,76.6389396882783,0.07177280175136094,-0.9620255940755984,0.0647526261552639,1.0440750865809885,7.832775960273157,61.35237924383307,,
292.0,-70.60880391271343,0.09136902811902449,-0.8497893112346325,0.10481670805635264,1.194124628100013,9.493681808153132,90.12999427445773,,
293.0,3.4862738900518595,0.036224535488790385,-0.7406201386122009,0.12924340410320698,1.3901165284932344,3.363054403046731,11.310134917852004,,
294.0,38.444287475724366,0.05400079251148696,-0.9949897912842263,0.034364873276641096,1.0062258299112499,4.189188947634105,17.549304038979738,,
295.0,-1.0016571059023902,0.007068806975452377,-0.7957554323111001,0.03608211384915688,1.2592799273402122,2.7279302220371617,7.441603296303717,,
296.0,-15.90633548644136,0.04183471195161691,-1.024975278736751,0.040932876419367756,0.977204959500202,2.5538798393362234,6.522302233768014,,
297.0,-11.39672591717059,0.0328624685090264,-1.075863975685058,0.04759143854048191,0.9312635297192439,2.9911791863556663,8.947152924887346,,
298.0,92.77180081152241,0.12303513898525015,-0.9619536495902155,0.04689322221345249,1.0420016150967017,9.999999194085337,99.99998388170738,,
299.0,-168.74578362656598,0.38517455742682916,-0.7238384766979009,0.08743623860589293,1.4020306383578833,9.999999299983982,99.99998599968012,,
300.0,-18.86809249911168,0.012573171748512673,-0.9711511760903764,0.02098623324138867,1.0301764708368801,1.9937350966944758,3.974979635791331,-0.8678794057390061,1.199968579821522
301.0,-130.92970382125367,0.20589628360933687,-0.8060876154110695,0.09259926563742162,1.2574914781855482,9.999999523585943,99.99999047171909,,
302.0,-31.861809280610675,0.026258145056828344,-0.8569887337569043,0.04495368600423803,1.170035676464271,6.410026517186127,41.088439951029315,,
303.0,75.66855612788903,0.1355035581332134,-1.1489727741161773,0.06729159826791967,0.8732279075207271,7.394973576857556,54.685634202421426,,
304.0,9.502903406700653,0.022773099573825638,-0.8347999314026875,0.04448549304982015,1.2011929682277869,3.1723159718603493,10.063588625320273,,
305.0,-38.994432037622204,0.05797102351132186,-0.8874287633132202,0.05245859272583883,1.13073924944061,4.462642480038654,19.915177904645546,,
306.0,91.50157549191863,0.1124861386943386,-1.030699311082703,0.03234891649715808,0.9711342430278919,9.99999912845665,99.99998256913378,,
307.0,46.15752613152969,0.0377785542540553,-0.9238660689708338,0.05290083107563328,1.085976132232782,4.952536906918344,24.52762181438832,,
308.0,33.466008870478014,0.027630111012253107,-0.8220905049302641,0.10121402502633382,1.2351624772855558,4.825917955606804,23.289484114248154,,
309.0,18.875038501069415,0.01640351637131164,-0.9038943583372991,0.03535764888983208,1.1079985417108065,2.9329494622632897,8.60219254819052,,
310.0,165.4866790458368,0.6104165099678417,-1.1555725863775814,0.07699009472100488,0.8689978781059455,9.999999572185878,99.99999144371775,,
311.0,-34.1591751365151,0.03411008828763391,-0.8328725390294113,0.07590965940778756,1.2110876241109287,3.787044728836005,14.341707778204572,,
312.0,-5.922728289092002,0.04227617825283428,-1.0649097160121117,0.05829279044918104,0.9418923340193326,5.514726804030519,30.412211723092664,,
313.0,-50.30509249926093,0.06579277280202181,-0.9331261778315856,0.06151117504255237,1.0761370739823615,4.01897288196389,16.152143025961134,,
314.0,-164.1395879901413,0.4312885191837462,-0.9832238089475072,0.04704388720119849,1.0193029919804044,9.999999262466801,99.99998524933656,,
315.0,-126.07932456161441,0.3285009597979822,-0.8393013674726796,0.046913530579684705,1.1951674988586376,9.99999929456422,99.99998589128492,,
316.0,-81.3138179372214,0.11820043596086498,-0.9961287325931716,0.033955743185053976,1.005054887430238,4.402443706308003,19.381510587210943,,
317.0,-3.9848993827650396,0.01720380676930878,-1.05321387624004,0.025190318966869442,0.9500126767433679,1.8683076324873773,3.4905734096105885,,
318.0,117.4882518870771,0.22547332951956117,-1.1080942607165267,0.09160085123677657,0.908745940885087,9.99999908975833,99.99998179516743,,
319.0,8.716156723417036,0.02834933699631905,-0.8613002441791398,0.0920293867771529,1.1749167454544187,3.4832109633582697,12.132758615259245,,
320.0,29.673094825088036,0.02291942291249596,-0.9357929219887682,0.030461389505273405,1.0697485191515144,4.704393018144359,22.131313669165397,,
321.0,-45.44475624145092,0.09216790086161122,-0.7372853877547473,0.11008920621179812,1.387879107794702,6.353421671423035,40.365966934907874,,
322.0,4.035322091950917,0.020671717926457014,-0.9079292459578872,0.03858153825440638,1.1033649847635394,2.009315754005681,4.037349799295419,,
323.0,102.75336888095552,0.20622272536546277,-1.0261708845896795,0.02673091860626921,0.9751670004153973,9.999999034500567,99.99998069001225,,
324.0,-25.409638450295112,0.030667484512742746,-0.6060916830583063,0.06653787226081154,1.671297569067934,2.642630798974028,6.983497539686108,,
325.0,48.12753708694958,0.05305020708399763,-0.9287193087612919,0.02914680902302411,1.0778110799916876,4.628974544437666,21.427405333051897,-0.8695468822438253,1.1961572872120472
326.0,49.77854296621159,0.07243224593647729,-0.9193174039128562,0.06353592841735949,1.0928873970868962,6.681379418608157,44.64083093540067,,
327.0,52.410195349916904,0.1143639054173084,-1.081618809173777,0.047814728819401506,0.9262625334411119,5.956311670934212,35.477648721307105,,
328.0,-28.957923211150856,0.020040218652232843,-0.8393322468607995,0.041562482245520296,1.1942973017692162,2.065751401341846,4.2673288521458,,
329.0,-14.256473631332359,0.013612850074389922,-0.8983757560064671,0.046100672839983974,1.1160350357181028,2.950503410397669,8.705470374768277,,
330.0,-27.974243758941007,0.02084552983422334,-0.8357462627290497,0.05158681797366055,1.201267221698996,2.1899585055772737,4.795918256150246,,
331.0,-44.629270269908446,0.04270005477545262,-0.823228289611355,0.05183777519038742,1.219523109628055,4.8236527031963226,23.26762540105319,,
332.0,-57.28518335566292,0.10649230398077715,-0.7100639078739818,0.09963163189858447,1.4368697336697587,7.834158789108737,61.37404393296967,,
333.0,2.4942261982479526,0.043306784245739915,-1.0617460413091004,0.08634554963070502,0.9481580988891632,4.744618884751898,22.51140836154435,,
334.0,-46.46499536236635,0.040894542961791056,-0.8190395344072039,0.04632933277797916,1.2249366487153295,5.263730491158871,27.706858683555602,,
335.0,98.31250594536365,0.3743993122251684,-1.010867898926991,0.058953110549053486,0.9925443417477648,9.999999239908984,99.99998479818026,,
336.0,73.98683357998343,0.1258027031275934,-0.9436364885730921,0.04892528914698553,1.0625931482286888,5.622625279072089,31.61391502886049,,
337.0,14.512809917336899,0.03981174343537617,-0.9080663100320665,0.05187205067657511,1.1045916123731612,2.622287911213814,6.876393889298109,,
338.0,133.80854531475057,0.3455936811713469,-1.1193675806808332,0.054764825009788146,0.8953928309911467,9.999999311672635,99.99998623345317,,
339.0,-14.594438317840375,0.013773017557397838,-0.9732474333888596,0.06021604154553717,1.031462672275962,1.9840627599106364,3.9365050352642115,,
340.0,-25.676244216027982,0.02413903960519396,-0.8925273619250844,0.05519219559994154,1.1248033103377808,2.441140306606721,5.959165996539957,,
341.0,-108.50463244315067,0.3546008952717248,-0.4808176842872202,0.07848133101836542,2.1359486472113782,9.99999941824361,99.99998836487252,,
342.0,-34.947684007600785,0.05215307824248744,-1.171361374833248,0.09390738761796816,0.8586783126850193,5.010944513319412,25.109564915565922,,
343.0,-58.94302645549719,0.09105267458140298,-0.9254569291957064,0.061753645438909655,1.0852624748650705,4.763466781641601,22.690615779802997,,
344.0,-32.07439225305882,0.09508631133793377,-0.6883546127883298,0.06505574696764706,1.4653864997399042,6.235578807507286,38.88244306463399,,
345.0,-50.20935562939538,0.10075318700422617,-0.7582194727321956,0.09476636594907074,1.340651578024902,9.946078539465011,98.92447831320646,,
346.0,-6.592993169481381,0.026797468326697903,-0.5870256081037617,0.08085016512653448,1.7339679777152304,2.690936067159801,7.241136917541458,,
347.0,0.4423934148281955,0.030040500893228204,-0.7901119620592827,0.060338455494647614,1.2732116771813025,2.4678483307157153,6.090275383416342,,
348.0,65.19697940182019,0.29565329376845384,-1.1622030405706143,0.07372154270952096,0.8639118134442944,9.999999301886247,99.99998603772544,,
349.0,-14.123851783990375,0.04017021714342192,-1.0187703926710086,0.05031985796128655,0.9839762534083611,4.763640808505762,22.692273752461436,,
350.0,-14.612780367861177,0.07631112735680415,-0.6172288797112409,0.10603769825791012,1.6673293432630452,3.627228928514824,13.156789699854798,-0.8530025999161583,1.2432186758905708
351.0,-13.881608334104595,0.042256716315912074,-0.5289130690021557,0.10367354858929573,1.96012169312282,4.353447728234628,18.952507122471246,,
352.0,-6.5352542259523565,0.03979194368727904,-0.7225552051817605,0.06119050087423621,1.3941453858145585,2.1175533438665592,4.484032164120447,,
353.0,16.519728645712902,0.020788386107877376,-0.8334110403416584,0.06641719358747118,1.2074586856855856,3.3012036966081357,10.89794584649922,,
354.0,76.81651384726663,0.15744168874853393,-0.8216192337941519,0.11199195800977417,1.2391473280841545,8.49667670304974,72.1935149961482,,
355.0,75.2131118904519,0.1860920624195404,-0.8287646704639353,0.05415511972351133,1.211741575411267,9.99999913528587,99.99998270571817,,
356.0,31.251937738198166,0.03890333018890396,-0.8519660625732093,0.05777432053482747,1.1793219778181303,3.032813656831466,9.19795867706345,,
357.0,16.847121636083035,0.04719819592729014,-0.5353410230897373,0.10234863262471063,1.9293411653446977,2.852442039454258,8.136425588445967,,
358.0,100.02527896427641,0.17641733312775965,-0.7389469838156542,0.09614214274253297,1.3762927253391162,7.7060666726064895,59.38346356265646,,
359.0,-110.2891627195699,0.36675447020099233,-0.37600952518527153,0.06261541548224323,2.7194782762924303,9.999999327860312,99.9999865572067,,
360.0,23.07431652098743,0.265804521350963,-1.297998212302572,0.09760666963125399,0.7746439002763263,8.378239417710647,70.19489574048045,,
361.0,18.94408922764047,0.01974609846526431,-0.7683450467110521,0.07291141106114907,1.312783161887593,4.2281646449981185,17.877376265212067,,
362.0,41.71779039284622,0.053458861096776625,-0.806586729571291,0.07775623941650232,1.2510074065614067,4.205875056956035,17.689384994724932,,
363.0,8.554007715985977,0.02094252225543653,-0.9202802637149443,0.05465472624664116,1.090446285986915,2.4863688525905183,6.1820300711322895,,
364.0,-50.598232178770175,0.05780713536314239,-1.015531002713807,0.0752059573218797,0.989849666388438,5.437922020905095,29.570995905444555,,
365.0,66.01375842299667,0.4960625217764171,-1.2356297456654677,0.07302533365974444,0.8121953380195286,9.999999092321216,99.99998184642516,,
366.0,-29.951927934506113,0.034209935969119795,-0.8944316078749002,0.06520747869858015,1.1241756896346,4.9417520338319605,24.420913163882314,,
367.0,-39.556839620346125,0.05635191522572816,-1.0617936168452662,0.09973335483469961,0.9497472634563113,3.418555298669212,11.686520330059345,,
368.0,-107.64340619156782,0.20286096854164778,-0.6978561178479219,0.07604644613761836,1.4501000875432724,9.999999041033822,99.99998082067737,,
369.0,-52.43899220813166,0.06166614541102594,-1.1209269271803948,0.08783512878612486,0.8974364769118495,4.131787281005448,17.0716661354784,,
370.0,-56.809781729068746,0.0931259155146843,-0.8288264278295313,0.06179627300093048,1.213388219078531,8.004927807643977,64.07886920559181,,
371.0,-88.84604213321393,0.1191283404652459,-0.8101140503644464,0.07847993178592964,1.2457746112871861,8.32541009316993,69.31245321945575,,
372.0,-26.1496136772809,0.02105636476320264,-0.6549648778069751,0.0455659009354914,1.5341445718977251,2.9235266116243133,8.547007848875538,,
373.0,-39.265332785379286,0.0491485641888085,-0.83888585963898,0.08008860065468665,1.202699127545769,5.602924790850906,31.392766211931676,,
374.0,-110.33320072434529,0.211819753423848,-0.3865518896928528,0.04243200272968105,2.6173992035188216,9.999999345697242,99.99998691394526,,
375.0,-19.45578362792947,0.024922960909688693,-0.4378090635068296,0.08206612423255348,2.357517590621633,4.356965092195703,18.98314481461191,-0.8575952640631372,1.2244149101899036
376.0,22.47799142036839,0.17906935959588183,-1.1661891866410126,0.07007117246688449,0.8605533300334278,6.869728513212955,47.19316984525108,,
377.0,159.9008765224715,0.37642915680305766,-0.7856022282814676,0.0819675885472706,1.2864966501997073,9.999999276616085,99.99998553232223,,
378.0,211.69092740680458,1.2132723423641427,-1.3468915283271268,0.10498114922551186,0.7469834177717201,9.999999472306863,99.99998944613753,,
379.0,-33.142337250972524,0.06210988404748504,-0.5188102047273426,0.06207270662132693,1.9528066020446173,6.202474824585833,38.470693949621065,,
380.0,84.10806682921792,0.26630856256885044,-1.172008548734679,0.06360828597490806,0.8556877279451596,6.17183683927816,38.091569970671024,,
381.0,92.63115189814266,0.1481695762228099,-0.7861350932578318,0.09861092610055498,1.2906868405371787,9.999999004431372,99.9999800886284,,
382.0,46.105616285049265,0.09394102868587242,-0.5731836196274203,0.06037742494438181,1.762156848754033,6.3029257103728105,39.7268725104786,,
383.0,-30.510823758309172,0.052126728497727814,-0.7688000642588314,0.07848770075434115,1.3131365136039908,5.2341819901832665,27.396661106358863,,
384.0,65.12707306168619,0.2324685894828027,-1.057171278233227,0.07037199853770505,0.9501055620637994,7.309977014021872,53.43576394552812,,
385.0,41.867421477940646,0.11957075988828886,-1.0478959460852042,0.10169598171257316,0.962648535214685,8.391114880941231,70.41080894515338,,
386.0,33.05571916995622,0.15098973590668452,-1.1507160023251077,0.05303458756231849,0.870832978196888,7.694003146700496,59.19768442143713,,
387.0,-98.04087732345556,0.27024021154704203,-0.7330751140810945,0.050269042644298746,1.370348852625412,8.83509823539296,78.05896082904381,,
388.0,-94.03316358758318,0.17070796232452345,-1.1032299380487904,0.061580308736242734,0.9092778968790943,9.999999297575807,99.99998595151662,,
389.0,-54.2366680075191,0.09257441072066738,-0.861359295269507,0.07636138902102878,1.1699693905210353,8.801542642025431,77.46715287939202,,
390.0,-61.13526622477423,0.1306400010520964,-0.7485803480171791,0.02913782044495629,1.3378168045537635,7.7092041239501565,59.4318282247301,,
391.0,-73.22953827776976,0.10426807212747893,-1.1582094088923058,0.05520745060889693,0.8653379447227262,9.99999904090062,99.99998081801334,,
392.0,-56.199368821989786,0.10430980856865942,-0.9920225450015457,0.0958487395674444,1.0171644562713305,4.835889588985342,23.385828116856825,,
393.0,-133.15404191196126,0.3504178802002279,-0.6612456554229149,0.05906154746406325,1.524151271367701,9.99999928164312,99.99998563286292,,
394.0,-42.55058227763821,0.0738616712066617,-0.46413464224786344,0.02986614505516657,2.162809270159835,5.074142218757749,25.746919256179808,,
395.0,40.865272973464755,0.13703777006319628,-1.0871026476500805,0.03681560451022847,0.9209197908647041,4.906884906681127,24.077519487415053,,
396.0,-8.25607485131073,0.058127937772298854,-1.117775398417364,0.06185159117886992,0.897352875413749,3.7166567376557147,13.813537305561619,,
397.0,57.19108543665033,0.16261579663354103,-1.0322464650145835,0.06117816066778861,0.9720547045237573,8.432102593170676,71.10035414175563,,
398.0,70.09522382456613,0.3878536975592072,-1.0878974160259214,0.07433269505321773,0.9234717280241291,9.999999411368227,99.99998822736491,,
399.0,-66.51836415435157,0.21287823248474144,-0.9601600069296635,0.08230083207913276,1.0490774910667595,6.4530540590354155,41.64190668883345,,
400.0,-54.524097019133215,0.2704616458319741,-0.5923351130621719,0.046273018124946275,1.6976818691938038,8.220567060055865,67.57772278887552,-0.8603005878675578,1.2365638646119765
401.0,-1.7826398543219182,0.06887864597740677,-0.6549511126397987,0.04351641353591974,1.5334774661950552,4.005130840084815,16.041073046198502,,
402.0,68.1797619834081,0.15406912177785387,-0.8861539317401839,0.06403142633871686,1.1342037272253815,7.310321757294584,53.44080419517458,,
403.0,44.97505975917371,0.06876975325306345,-0.8871291439424873,0.05634574399375271,1.1316587842034855,5.3643224492563615,28.775955339595768,,
404.0,26.221092244212414,0.04192081322583649,-0.8898394530697762,0.0557406593495249,1.1282339070073384,3.963813415394451,15.711816792061022,,
405.0,22.199573987930187,0.05622376381136292,-0.9677095436045525,0.05562280371877553,1.0369357487383923,3.3439814242707118,11.182211765867578,,
406.0,11.4872375409713,0.029334986552195297,-0.6287838209676465,0.0707395761996437,1.6080950597551,3.9041881651627808,15.242685228997122,,
407.0,-83.12183884794105,0.29343197251441444,-0.8065884006858792,0.037075766460917085,1.2424040717028464,9.999999269052662,99.99998538105376,,
408.0,19.087616716364085,0.03579796713361513,-0.8980757015844552,0.05992438042035117,1.118338824225352,3.802632231319643,14.460011886671008,,
409.0,9.041477375994036,0.03133534986260608,-0.9153695917961666,0.0602714439088128,1.0971205865931024,3.4567939245358015,11.949424236707628,,
410.0,-79.9426098674317,0.22440354083839276,-0.7148474334828259,0.05148361898525973,1.405916732707156,9.999999125049845,99.99998250099767,,
411.0,44.824399688685354,0.0849095215308885,-0.8642279337776645,0.045592528752434844,1.1603202940818236,7.663507910094075,58.72935348807446,,
412.0,-46.49303764943838,0.06350530205702204,-0.5602681147700903,0.0749663807688586,1.813568113841617,5.528336586230853,30.562505410658595,,
413.0,27.041385938573598,0.10333829921544802,-1.0361575721500471,0.061462694098315465,0.9685844032195918,6.29548422217404,39.63312159164228,,
414.0,20.21110965303691,0.02066222593022966,-0.6565625027934127,0.025175039518578912,1.5253406420768418,3.0015766995636683,9.009462683363523,,
415.0,50.034650044459,0.09490161036933742,-0.9586264908853722,0.04920763493265857,1.0459049333142403,4.892257247580433,23.934180976503278,,
416.0,73.13709032292539,0.17021835997808252,-0.8699414115915189,0.06294142075848301,1.1554227731086433,8.08149564692035,65.31057189119257,,
417.0,54.66752074319073,0.12519743661432006,-1.0293194187602261,0.09046678401420655,0.9788609210143269,9.999999354300694,99.9999870860143,,
418.0,-40.67532457086479,0.04901095810989831,-0.9595762761693138,0.07797169432011339,1.0483950168876308,6.832473138115301,46.68268918306714,,
419.0,-110.91471637885459,0.125040032876083,-0.5747215178418089,0.044025696794437116,1.7502680627586005,7.5634905518411975,57.20638932779106,,
420.0,-39.38159387908238,0.03427670454518342,-0.7662162380831774,0.05118639432420229,1.3108563358038676,5.671870273373463,32.17011239797756,,
421.0,-195.54737872000283,0.4001530320486715,-0.6362576379842865,0.0669422766857485,1.587198153272753,9.999999395205242,99.99998790410518,,
422.0,-130.9786644981699,0.2042701328258012,-0.5659951736066403,0.039860195048258475,1.77498066509155,9.999999591877808,99.99999183755634,,
423.0,-199.41463773996753,0.4447522080843208,-0.6753022939440643,0.039773030840986046,1.4859739663120286,9.999999166381782,99.99998332763633,,
424.0,23.199848492399802,0.019739278786502855,-0.48952213883336804,0.0386094202394657,2.0548519111163848,4.215611293951158,17.771378581688552,,
425.0,165.3857708330513,0.31975724148237333,-0.692105025154939,0.03797028730123373,1.4492779999108283,9.99999934053877,99.99998681077581,-0.8500134603174296,1.241430778228929
426.0,66.98860971149293,0.04809547641114602,-0.7485800129731186,0.030259850467998502,1.338009838574598,7.517636735946781,56.514862093656575,,
427.0,88.77046509161563,0.07563762550692513,-0.8257168190545048,0.0466403446347697,1.214833041331965,4.877444026332542,23.789460230007002,,
428.0,193.62592718077002,0.2948651023245151,-0.9152152781875036,0.0812961668405069,1.1012336753377685,9.999999355032076,99.99998710064195,,
429.0,237.85477522219543,0.5018696425199225,-1.236758697314163,0.09448355137133849,0.8131173610688521,9.999999186832849,99.99998373665764,,
430.0,198.44448725778497,0.29150752889452614,-1.0262794193313955,0.0876689791854889,0.9814024294815163,9.999999433690698,99.99998867381427,,
431.0,471.7032281527062,1.6020348379558316,-1.514875447124822,0.12022077535648118,0.6644715128902603,9.999999715127958,99.99999430255923,,
432.0,75.87955195487297,0.059693904817766374,-1.0360642219489655,0.05107058997321929,0.9675717775852639,5.310188201241018,28.19809873259932,,
433.0,-242.48693432598782,0.3217401487631363,-0.8521621278155516,0.04650246945080671,1.1768276131892776,9.99999916638371,99.9999833276749,,
434.0,4.61963990564966,0.02416753360175424,-1.0141963131149003,0.050860646855220654,0.9885606241982061,9.999999205288681,99.99998410577425,,
435.0,-407.43394809169115,0.9146157422519604,-0.7482858675038147,0.05143061814114164,1.342481331885184,9.999999904266717,99.99999808533437,,
436.0,-476.176926699939,0.8443459662234372,-0.5144222053094802,0.04453900352285945,1.9589483452852277,9.99999979213432,99.99999584268645,,
437.0,-353.9106520682295,0.6369463478449683,-0.7415404177294596,0.06010286815220938,1.357299008211443,9.999999755928652,99.99999511857308,,
438.0,-344.50648618665326,0.5916512749370897,-0.8750965928475245,0.07827993617082203,1.1515433948614475,9.999999399792081,99.99998799584199,,
439.0,-99.90941937215979,0.0805998413993807,-0.9234495172089247,0.0623024320206429,1.0875886229462544,9.999999136734298,99.99998273468671,,
440.0,-258.43474414457415,0.29899379622896494,-0.6339029221556649,0.04525418263013328,1.5851473145523038,9.999999023363678,99.9999804672745,,
441.0,-124.10185016332065,0.08690766269879799,-0.8571220828590432,0.05182058134638334,1.1710606920118978,9.999999626651725,99.99999253303466,,
442.0,299.3826514844958,0.5449148399945825,-1.2804820362725353,0.06284613269442753,0.7828033749739811,9.999999506696847,99.99999013393719,,
443.0,185.8113114951236,0.21311476832462214,-0.9564101148916679,0.07802551260635576,1.0523909878318507,9.999999383649813,99.99998767299664,,
444.0,403.98319318820734,0.8708459417528265,-1.1243453681883337,0.0653204367170698,0.8923669977138337,9.999999686668556,99.99999373337121,,
445.0,117.6043177658914,0.07463150076275055,-0.7517389724055872,0.03764048243535023,1.3335850684014448,4.555127866269545,20.749189878065337,,
446.0,149.04479284573668,0.10068097348116131,-0.6244653132969495,0.043046610333624065,1.6085985730149908,9.048053048381972,81.86726396633428,,
447.0,-5.140756382833326,0.04999080553450287,-0.8049121884943903,0.0409889703268714,1.2455670503385616,8.591204178196763,73.80878923146551,,
448.0,461.82947080433024,0.6488885164642283,-0.939356552112245,0.10643735295331985,1.077979072177644,9.999999570137584,99.99999140275186,,
449.0,179.2921581484162,0.13461969359546164,-0.9881286713011883,0.052470887667237585,1.0148984735152822,8.312438565466882,69.09663490466112,,
450.0,-203.19316550873927,0.14838329768176323,-0.7048643129122725,0.04675265350325508,1.424882820224401,9.99999918754208,99.99998375084228,-0.8778270090090405,1.1798110417907108
451.0,251.60591822159182,0.20160209481117655,-0.8893707224505963,0.06742461573518667,1.1304360287749278,9.999999301411085,99.9999860282222,,
452.0,20.85856840963255,0.037803030848617664,-0.587664604393179,0.0403895318569283,1.7094249122163743,9.999999384882825,99.99998769765688,,
453.0,148.14401891874527,0.08555667761326122,-0.9067769636756,0.06174580391436761,1.1080544297119133,9.999999390800271,99.9999878160058,,
454.0,169.0835805394321,0.08741284112959509,-0.7932907718441555,0.050516611876702054,1.2655592093762815,9.99999932597479,99.99998651949625,,
455.0,-388.67490504157763,0.44609662655476445,-0.7724935864628217,0.05782189881708791,1.3016395115609103,9.9999998411624,99.99999682324801,,
456.0,-149.1105495093047,0.07895184447442945,-0.8012884084517439,0.05072489710080561,1.2528090561090193,9.999999344659411,99.99998689318863,,
457.0,-258.59188180603985,0.2459984755380702,-0.7169475341462901,0.030472332683946862,1.3972462119885718,9.999999360930433,99.99998721860905,,
458.0,-50.37077070315206,0.036674921922119116,-1.0833743527463524,0.04366844763190616,0.9245638652591277,5.187782439016736,26.913086634570433,,
459.0,-149.29659587324153,0.10722892728832467,-1.0946208549745229,0.04618933056203009,0.9151870823729574,9.999999235649504,99.99998471299067,,
460.0,-122.5762815982619,0.0750251357890519,-1.0976456126402465,0.048621928939958745,0.9128231779807434,9.999999477063879,99.99998954127786,,
461.0,-56.296085772968354,0.02677676889124258,-0.9742349672681653,0.0351410447625164,1.0277983827350703,7.590191175572328,57.611002081736046,,
462.0,-304.6119495555989,0.35896237717641,-0.6426123319367862,0.05695132915729663,1.567651282384003,9.999999597940137,99.99999195880291,,
463.0,-116.03371642197553,0.06830567130028842,-0.8222265184975385,0.05042355320295858,1.220658748600673,9.999999303879457,99.99998607758963,,
464.0,-163.13412607035767,0.14212443576382328,-0.7074401789579692,0.06622797464588949,1.4249106108402612,9.999999174265186,99.99998348530441,,
465.0,75.06412069529273,0.04010772560797129,-0.9039032852246134,0.05917508272315754,1.1108760018441204,9.999999019703107,99.9999803940631,,
466.0,42.76553646060063,0.022942085567314537,-0.8055308633292447,0.03296798008073881,1.2434080215264673,9.999999169390387,99.99998338780841,,
467.0,404.2049294325942,0.7210029326226923,-0.8004833137860565,0.07063712464947985,1.25921024884767,9.999999389061687,99.9999877812341,,
468.0,57.57476476116818,0.05892671901379977,-0.6756454024417236,0.07479509823349213,1.4971941865382676,9.999999097900606,99.99998195801294,,
469.0,301.0064721284051,0.4241852047526071,-0.9360587539745049,0.06441585332364702,1.0734145888616689,9.999999800271311,99.99999600542627,,
470.0,327.2943444437507,0.5679767551848305,-0.9242962738741819,0.06465492186510444,1.0869564532385676,9.999999538783918,99.99999077567857,,
471.0,245.774808328573,0.333602988675733,-1.0171961942251904,0.05816529615140346,0.986245788028979,9.99999919647902,99.99998392958105,,
472.0,-15.044112456081804,0.009203724460466576,-0.7252409740391119,0.031186935320120103,1.3813683820264926,2.948309156298091,8.69252688111116,,
473.0,230.93576157639876,0.30580805200112016,-1.1501051704112553,0.06974349470237372,0.8726484707258355,9.999999591544851,99.99999183089717,,
474.0,-62.46212940941007,0.054615109526626175,-0.6588428489643625,0.04629290810449272,1.5254425395311726,5.625411249000656,31.645251720383122,,
475.0,143.14069725911142,0.2231653416075405,-1.2210371277623393,0.07678971971691809,0.8223772961943694,9.999999281917697,99.99998563835446,-0.8782610469162759,1.1805994407201452
476.0,-46.08936687054587,0.023017432427925755,-0.8590950361000437,0.04591451432167085,1.1672490413799792,4.602720591527534,21.185036843671575,,
477.0,-177.07235493499508,0.2587332217064666,-0.7992707567906981,0.03737721960069213,1.253885244553274,9.999999343910769,99.99998687821581,,
478.0,-308.9241596663981,0.5648775685963483,-0.8072698436895236,0.05304228744432242,1.2439354862398324,9.999999844146483,99.99999688292968,,
479.0,-146.16121639003543,0.15498653735100565,-0.9241206727489597,0.06831208349178929,1.0876803333732812,7.768886789839839,60.35560195334796,,
480.0,-171.69431368684758,0.20221741303173105,-0.855135964462971,0.036145076738684535,1.1714221976110122,9.999999379034268,99.99998758068574,,
481.0,-334.9290834007047,0.6646452784471808,-0.6041112877729011,0.057308462740463154,1.6686198954256541,9.99999945671361,99.9999891342725,,
482.0,-26.231352104886007,0.021948488732150183,-0.6675845983178795,0.06662161334329136,1.5121480480143608,7.836105940831864,61.404556315940425,,
483.0,-123.80956715975955,0.112919561118757,-0.7128470034475151,0.09174585219570938,1.424456212550019,9.9999992348007,99.99998469601458,,
484.0,210.3327942747913,0.32081031347679656,-0.8618665534641534,0.05143333201839221,1.164311319976843,9.99999946995472,99.99998939909467,,
485.0,77.02660074740109,0.052233416626315296,-0.7702773947899509,0.04162881876610942,1.3017439268182383,7.477943862720739,55.91964441400277,,
486.0,104.23773944607863,0.08005241264434135,-1.000619064190075,0.06473465365845386,1.003645388470456,9.999999104152456,99.99998208304993,,
487.0,55.62468901247655,0.029577755343111328,-0.669375805595725,0.058990763163606116,1.5048908763898456,5.2356117226112495,27.411630109944333,,
488.0,-82.93746254541622,0.07402990481076513,-0.8374304176333609,0.08582314640112948,1.2059717979756486,4.99898864163429,24.98988743918865,,
489.0,100.56778680909451,0.052029244314312786,-0.6463896459560498,0.030755563725441453,1.550521951531003,9.999999090274061,99.99998180548204,,
490.0,5.112338925831205,0.023453592481622813,-0.6205009301089242,0.06459719975342625,1.627178362923363,3.4815033653089085,12.120865682657254,,
491.0,369.14416138521204,0.7441787136639006,-1.1348333434725224,0.07428807452130509,0.8848546539880365,9.999999726954421,99.99999453908848,,
492.0,184.996340610738,0.17226363340237066,-0.9818976306591034,0.06349596906295636,1.0224598760292896,9.99999955950586,99.99999119011738,,
493.0,-283.14545241915044,0.3066099650985965,-0.6078020963945174,0.09816467709912029,1.682376167555034,9.999999334025675,99.99998668051396,,
494.0,27.458927765136057,0.028580433173447748,-0.9638888296158802,0.04803974195891407,1.0400442905043323,6.274813270552259,39.37328158029873,,
495.0,125.00328461574222,0.10770650189720665,-1.1202820152652824,0.060813515069513366,0.8951258151862178,8.770520323859952,76.92202675124047,,
496.0,-45.44982380811152,0.027931241303090288,-0.8418446519158671,0.04218851938339408,1.1907718791376907,8.561109990749772,73.29260427371557,,
497.0,124.9993280254871,0.10526712203562205,-0.9489349339474563,0.05049727159067083,1.0567795920603626,9.999999643307186,99.99999286614384,,
498.0,-146.07999373622226,0.0742452469043095,-0.7123474334352262,0.03240885310979457,1.4067534262527797,9.999999516345358,99.9999903269074,,
499.0,104.7077783778667,0.05282432632764861,-0.9701725920939158,0.04619163362586042,1.0330874056142996,9.999999291201625,99.99998582403302,,
500.0,52.4294303660637,0.05606823315306535,-1.0079392858441198,0.08635433988621283,0.9989104017321622,9.999999423957156,99.99998847914347,-0.8797431272357901,1.1745400425775212
