iteration,loss,train_avg_utility,train_std_utility,train_avg_wealth,gradient_norm,gradient_sq_norm,eval_avg_utility,eval_avg_wealth
1.0,-1.1435751457722416,-1.0337644033965496,0.2873260691354933,1.0377013786410831,4.1869278765396984,17.530365043345228,,
2.0,-0.32759105278283673,-0.9875690502396544,0.25689183248153585,1.073473944797788,3.9751341062267205,15.801691162486907,,
3.0,-0.33475935743407215,-0.9689680369959272,0.25769013320699474,1.1130077683928603,5.120486498826744,26.219381984666967,,
4.0,-0.30220201648964906,-0.9134637359989908,0.22334120063307675,1.1584869949272578,3.2953643503905803,10.85942620182513,,
5.0,-0.10532181937608986,-0.9755729737918353,0.18182806255153472,1.0614720699801021,3.0181991000913277,9.109525807792101,,
6.0,-0.47418655023020784,-0.9661362964867224,0.19078537654587197,1.0798380818112077,3.5362371366399694,12.50497308655165,,
7.0,-0.9787307889965979,-1.0010203256828245,0.22740069556037962,1.0539089700896729,3.0998617547713483,9.609142898694103,,
8.0,-0.5111579281726844,-0.895627350165516,0.18939328154540666,1.1765526506569426,3.530321947475747,12.46317305282895,,
9.0,-0.4113892600019238,-0.8895829578021688,0.20165928180146514,1.1813839970709146,3.4864534244615513,12.155357480939678,,
10.0,-0.6686065197446807,-0.9347702203256482,0.21520084893844266,1.1300953025097622,3.3241534717307113,11.04999630361934,,
11.0,-1.0642065986447515,-0.9399611147413489,0.21121242548819547,1.1353119653285175,3.4154986195803048,11.665630820354966,,
12.0,-0.8464413594501008,-0.9116899160945224,0.2001772353918878,1.1532283007614883,3.519602361948409,12.38760078623282,,
13.0,-1.1557255407129112,-0.9124543809318362,0.2242521633651366,1.1698633164626195,3.1563473205160983,9.962528407729152,,
14.0,-1.0581886977944603,-0.909577843062357,0.21192405692003402,1.1664312530572338,3.4681377906597413,12.027979735002232,,
15.0,-0.5456863301856412,-0.8961470834713262,0.1809251443912909,1.1658192642560088,3.0792613916558733,9.481850718142466,,
16.0,-1.4406792156263668,-0.8891551202328495,0.20380536577637753,1.1871274749275187,2.6041667330827143,6.781684373694697,,
17.0,-1.1364071275624275,-0.905493787078338,0.2917544105414187,1.2127922885617606,5.32169665048141,28.320455239745066,,
18.0,-0.6736569589862638,-0.8533246586310165,0.198995807449291,1.2310600743914133,3.592750913916445,12.907859129447449,,
19.0,-1.6640128040977462,-0.8793409586041726,0.24553797712938943,1.2462371215836052,3.683591117260988,13.568843519164052,,
20.0,-1.078008453366568,-0.832067788425827,0.21621457920564113,1.2774350052898358,3.7125751642784524,13.783214350417179,,
21.0,-1.0738489623865717,-0.9132052875244668,0.24516793930424574,1.174306148454178,3.9514175822459827,15.613700909282688,,
22.0,-1.6380215023824176,-0.9438672422678505,0.24631758944993268,1.1304787196178299,3.7838385788813786,14.31743439103105,,
23.0,-2.0985026791307315,-0.8662983424332233,0.249959423407352,1.2616322637831736,5.3385124064410405,28.49971471372491,,
24.0,-2.2801727594294943,-0.8987343000915856,0.27434026350654633,1.2107574426649648,4.498694687255093,20.238253889137205,,
25.0,-1.0801015053124772,-0.8906094187058944,0.24898254336291112,1.2190285469015287,4.0856355107744395,16.692417526901117,-0.876356390232354,1.1801485971289902
26.0,-0.6639332736445562,-0.86397354385895,0.2034065526474914,1.2248208336935567,3.2186822357310647,10.359915334610724,,
27.0,-2.059848900274405,-0.9301260037723128,0.27439557610390014,1.1704272819074384,4.57847606186882,20.96244304910581,,
28.0,-1.4533812176711907,-0.8314883322467967,0.24111301454480963,1.3318389252497762,3.7070353734353625,13.742111259901057,,
29.0,-1.6324245545146883,-0.8463514464500915,0.22248500878279856,1.2672979663001325,4.70491254032257,22.13620201208458,,
30.0,0.15342659688704763,-0.9798974994536067,0.2429930189944164,1.087493090140165,4.034552382696318,16.277612928720533,,
31.0,-3.1482639022106778,-0.8738851967320531,0.30426114051020214,1.2750114509325365,4.758994363639009,22.64802735314786,,
32.0,-0.38158688534761565,-0.8700417880117367,0.25988994816525823,1.2540347000525327,5.796217120595892,33.59613290908893,,
33.0,-1.8579474508689022,-0.877950181879398,0.2232122510192852,1.2344761468550431,3.285887338574578,10.797055601804722,,
34.0,-0.8602453917303392,-0.8290988464285535,0.21914626140344418,1.2991472874419994,3.621533892422946,13.115507733968094,,
35.0,-2.3067124194776296,-0.8490707552780967,0.2421002565048573,1.2915956407040476,5.281835237250361,27.897783473459572,,
36.0,-0.46851732009845193,-0.82652883595813,0.16921714974360225,1.264932307572804,3.051122012206986,9.309345533374007,,
37.0,-3.173708648902977,-0.9017165578753072,0.34854126548554853,1.2409682773378814,6.71914790583686,45.14694858051187,,
38.0,-1.9889828113534316,-0.7991293151202692,0.22842150283000406,1.3579128237820899,4.01123054515592,16.08997048639186,,
39.0,-0.5001124580259058,-0.8368737950801702,0.2123239316327936,1.2830591370729807,4.105439987443336,16.854637490498735,,
40.0,-0.7900554683616166,-0.8000811225088641,0.23606458099275582,1.3465592405033306,4.8140976500637125,23.175536184348957,,
41.0,-2.9416144310906036,-0.8987493808329214,0.29164099032304996,1.2559515445600764,5.1085420727731945,26.097202109293846,,
42.0,-1.8006433748658357,-0.8408569422205211,0.24767826887818606,1.3016472640799055,4.623903602566619,21.380484525828557,,
43.0,-2.8324163991257425,-0.840391569477572,0.2538737345801127,1.3138461629882463,4.621190339790671,21.35540015657461,,
44.0,-2.7842515286983645,-0.8267208779059663,0.2723065810713285,1.377666803813123,7.067079103112177,49.94360704964481,,
45.0,-2.2206210766284764,-0.8689211778232345,0.28216169960515836,1.2752217107134869,5.319809044548776,28.300368270462954,,
46.0,-0.9607041830476826,-0.8049093371788072,0.2350729731325166,1.356845915650264,4.291177899129262,18.41420776197543,,
47.0,-2.516063916924946,-0.8464460395641241,0.28283749007004727,1.322271951405551,5.2105279482834135,27.149601499842557,,
48.0,-1.82957606797885,-0.8039850804488702,0.2597923197448283,1.368638055002845,4.982416297887713,24.82447216545711,,
49.0,-1.543920691542068,-0.8384914467222258,0.25585370590504536,1.3222713915133844,4.874114864397593,23.75699571134157,,
50.0,-0.7440199481659895,-0.7539527598512514,0.17663813276620888,1.4097322069783587,4.097954640470782,16.79323223535601,-0.83019639081877,1.32131031058933
51.0,-2.3603026864187964,-0.8106989038427739,0.2611501622134945,1.3608914751859098,4.261428631557412,18.159773981857278,,
52.0,-2.5529190176158036,-0.8269684059800582,0.28826291794478065,1.3578945799874154,4.741351525772527,22.48041429094547,,
53.0,-1.0813185675213908,-0.8835345297827075,0.22807636938358597,1.2127892759699852,3.983211274544759,15.865972057660485,,
54.0,-0.7268909714722835,-0.8370632215795116,0.2770541406571388,1.325584666409665,5.355460355233501,28.680955616477736,,
55.0,-1.4996043044404817,-0.8003473901357265,0.22431628878779408,1.3501702572692196,3.730905296404399,13.919654330738396,,
56.0,-0.8727698007929487,-0.7821985338550466,0.21999771200113288,1.3987568376217632,3.5480704283998143,12.588803764885244,,
57.0,-2.280290198075904,-0.8667639063978259,0.2511979848213671,1.2670670457241107,4.16699475133313,17.363845257637852,,
58.0,-1.4903105990750056,-0.8675203748947261,0.2214522113979976,1.2360455691208172,3.5768036365618374,12.793524254521985,,
59.0,-1.4759783021863138,-0.8380810727669962,0.24713034709595963,1.2991098033014914,3.6211350803617908,13.112619270226794,,
60.0,-1.42687775895092,-0.8770455416978945,0.27727643790647954,1.2661929558956664,5.719452004902247,32.71213123638034,,
61.0,-1.7511757183993804,-0.8294425977348197,0.24812231700407372,1.3111146439154644,4.46712490992332,19.955204960857426,,
62.0,-1.2568980225729236,-0.8681907461718099,0.24664776777161193,1.2555479992629797,4.594251180750847,21.10714391183055,,
63.0,-1.665218079805365,-0.8071597202581707,0.25617692113636625,1.3735619452578316,5.9852459534700255,35.82316912352932,,
64.0,0.19005907316193138,-0.8228114197628754,0.2514583623060248,1.3288611515610196,4.32655544761167,18.719082041258222,,
65.0,-1.2219246720269294,-0.736402918524394,0.24753398063856455,1.5066488751381868,4.98888086726277,24.888932307740525,,
66.0,-0.47728710066167324,-0.8258137774450163,0.22876010814354908,1.3049939582213272,4.746550981129134,22.52974621645795,,
67.0,-2.0390744307207433,-0.767060608202837,0.21045898214749983,1.4206346328624229,3.9158247294586097,15.333683311839593,,
68.0,-1.7639165244978265,-0.8728473544146877,0.26850247969640956,1.2666733268032204,5.365375474199355,28.787253979139948,,
69.0,-0.9497538954674725,-0.838400560055522,0.2609986094503782,1.3107764174421632,5.378035839077798,28.923269486405236,,
70.0,-1.8645495805357302,-0.8446112873842254,0.2740722400278371,1.3209478325029949,5.906821041708681,34.89053481877242,,
71.0,-2.6148704614765386,-0.8078664474701647,0.2952977112090585,1.4364871295494872,6.360259909054598,40.452906110727206,,
72.0,-3.069536511071952,-0.8465734753401528,0.264050353521397,1.304843512022566,5.369956727673296,28.836435257083696,,
73.0,-3.586566708681536,-0.8544321872767482,0.29475606394575327,1.3347878581317332,6.90124837325948,47.627229109416625,,
74.0,-1.874987244077031,-0.8401166149697382,0.26302323073235795,1.3292815130311082,5.647135714663038,31.890141779822812,,
75.0,-2.3828081012413724,-0.850837938864492,0.2882603617158551,1.2984102391252885,6.4291923707238645,41.33451453977394,-0.7905242875539782,1.380719473498661
76.0,-2.1980719196086116,-0.7786970819808899,0.2603321556604696,1.431661927787399,5.750625051686295,33.069688485082,,
77.0,-3.2713145016695115,-0.7829000417588734,0.2745824456752636,1.450342727227338,6.04455560487488,36.53665246042433,,
78.0,-1.884316526901166,-0.8421422073608705,0.2702260396947633,1.3050345965120145,6.518031583176514,42.48473571928653,,
79.0,-2.783474038722725,-0.7995255323364046,0.21728560624747972,1.34769039712424,4.850411373190184,23.526490489172687,,
80.0,-3.8613428937178225,-0.8156595511326061,0.2506630496235278,1.342556330587794,4.9465246893149395,24.46810650200226,,
81.0,-3.9304676373725913,-0.7882427900294496,0.22046600011179285,1.383897765963197,5.2037402886698665,27.078912991925947,,
82.0,-3.030521942853842,-0.8315023581205038,0.21252679479171002,1.2973810623598918,3.9697210269751433,15.758685032008586,,
83.0,-5.5410030135990285,-0.8612185430770718,0.2956465682265081,1.318706934795332,6.8418452699111,46.81084669740489,,
84.0,-5.995664311454524,-0.8045900796052725,0.22984637213857614,1.3560636685037384,7.115643801091595,50.63238670401325,,
85.0,-4.923086819726361,-0.880255903474129,0.23205399942858435,1.2175829693466482,6.519172088369619,42.49960471777751,,
86.0,-5.258538359440271,-0.8236963897633222,0.2554264391375304,1.3350502365640362,5.571769816769678,31.044618891065618,,
87.0,-2.648412079114485,-0.8070409073885143,0.19793651506139012,1.3227319434358247,6.052502789954523,36.63279002240728,,
88.0,-6.628598764897628,-0.8327569389980617,0.24111374772436042,1.3101944014710643,6.077724809042562,36.938738854451444,,
89.0,-7.384118216898892,-0.8147150214836792,0.2424162538112676,1.371094993306127,6.993764780481397,48.91274580470201,,
90.0,-2.110488235470121,-0.8226754890446243,0.17462687439444474,1.2723720313410456,6.067667910984332,36.816593877988964,,
91.0,-3.435008421381399,-0.8252124957742035,0.18725445946404193,1.2787472112289602,4.097024408854879,16.78560900675267,,
92.0,-7.222457584643447,-0.8459573628960114,0.23439923168813803,1.279718169422647,5.0204779086054865,25.205198430795722,,
93.0,-4.747820488297843,-0.8863243275631921,0.19891242394587622,1.1821774608556268,5.014701129333494,25.14722741653862,,
94.0,-8.417035458929478,-0.8204223865485241,0.2188698474340214,1.335922611914063,7.385134605518345,54.54021314162459,,
95.0,-6.241700232227477,-0.8126898150672702,0.19553986827817008,1.3050191475056816,4.967900728143194,24.68003764468568,,
96.0,-2.9040465920147915,-0.8512556931422643,0.1701545127649617,1.2248633039734016,5.775487166804536,33.35625201392389,,
97.0,-5.765521309284052,-0.8498149019966769,0.1740557396663153,1.233837848521468,5.134683276760053,26.36497235263936,,
98.0,-7.365370374078538,-0.7860114907483099,0.1814272181729371,1.3587146462753261,8.455652197915096,71.4980540921064,,
99.0,-6.077817071854872,-0.8492451668929865,0.19874311481282222,1.2584246776192838,5.623999395717875,31.629369203035026,,
100.0,-8.606826296867428,-0.9027602658144375,0.20552163927095743,1.1935078907236087,9.117767689955222,83.13368764799138,-0.8389549961304879,1.2511837187064245
101.0,-6.98682880772043,-0.7946630137667365,0.17706890357135516,1.3249603941675725,6.469238446395734,41.85104607632469,,
102.0,-6.286510153328598,-0.8606834174221407,0.18312894820881007,1.2256790663422794,4.303019847870524,18.515979811167668,,
103.0,-5.412476752593617,-0.8285417162664734,0.18192342704198367,1.2716216260330482,7.303169100882014,53.33627891607781,,
104.0,-7.985538727712667,-0.857610606277435,0.20462350891686185,1.2440744349995203,8.901201866016416,79.23139465957414,,
105.0,-7.105532157028965,-0.8751172599939283,0.1789477775561396,1.1968319178795808,4.36174147227984,19.024788671005908,,
106.0,-6.518027993985475,-0.8224923611044295,0.1651417413305263,1.2733467103714387,7.320253425147295,53.5861102083807,,
107.0,-8.083779592683426,-0.7882690097975927,0.18061849991908407,1.3461545923959455,7.796773581706842,60.78967828440174,,
108.0,-5.27098473783861,-0.8279778363945792,0.16678209831445673,1.2615265466856753,6.480015448646593,41.9906002146985,,
109.0,-4.5519222748359685,-0.8772346844630824,0.18034438872692735,1.19374164669531,5.822213829124733,33.89817387205129,,
110.0,-8.148493185035008,-0.8644861307835996,0.2126060116406011,1.23236708214036,5.9899185601413745,35.879124357126116,,
111.0,-10.20335721365283,-0.8363274708360715,0.20495635221235714,1.2756323921167603,7.947525835557542,63.16316690685461,,
112.0,-7.089299488473495,-0.8690386031816236,0.1801763260159636,1.2076082637674017,7.785458932699217,60.61337079274603,,
113.0,-10.539671159197752,-0.8860601239603089,0.20377629780385503,1.1926986281788092,8.075513567464862,65.21391937830906,,
114.0,-13.606800102110936,-0.834579896501986,0.25171468652095597,1.3034453509170685,5.881443523462568,34.59137791967979,,
115.0,-12.199358474818835,-0.7995716362168712,0.22181825959650728,1.3759871914759607,9.999999241193043,99.99998482386144,,
116.0,-12.733662974819389,-0.8581510571662923,0.24007016028508657,1.271955361120952,9.999999170285475,99.9999834057102,,
117.0,-7.968512364621224,-0.8392069183175223,0.18714166351992562,1.2496659289955963,6.28573431143932,39.51045583400554,,
118.0,-11.424286442292853,-0.8309665783142577,0.20495701499377783,1.2709441840862357,6.5347598794753825,42.70308668240112,,
119.0,-13.526514248901098,-0.8172615992640851,0.2150217257790188,1.3214136579168219,9.927786048962714,98.5609358339787,,
120.0,-11.480230911225963,-0.8472624807200698,0.2347277653749835,1.2807637594376873,9.622151440526512,92.58579834442642,,
121.0,-9.518964448431282,-0.8551710762943892,0.21297814956065075,1.2416593609098374,9.99999921890113,99.99998437802324,,
122.0,-12.873958061629716,-0.8158458253883176,0.22412754801242257,1.3111978538137925,9.999999043729025,99.9999808745814,,
123.0,-13.720744312638239,-0.8465155123171613,0.24335181663769045,1.2801902011674806,9.999999186374705,99.99998372749477,,
124.0,-9.761155544305591,-0.8236285687167296,0.18789709732769797,1.2935626014824966,9.99999909813641,99.999981962729,,
125.0,-10.359348685677503,-0.8278546181745268,0.20274678094477022,1.2843535185355757,7.993869167529331,63.901944267576084,-0.8198274053199683,1.321647829696193
126.0,-10.230289448183282,-0.827776540015228,0.20979244759483795,1.2950752618515666,9.999999087570982,99.99998175142048,,
127.0,-9.30161404365116,-0.8387430986015505,0.19452962565506396,1.2703058670785328,8.428314324027465,71.03648234460654,,
128.0,-8.536553773345267,-0.8124980347430971,0.19443717685206735,1.302954584319186,9.995210472380972,99.90423238719426,,
129.0,-5.211437306192743,-0.8399731161153138,0.17279793060767284,1.249369920878868,7.38235691549122,54.49919362770105,,
130.0,-11.674981845371205,-0.8608250371275137,0.2320540917294357,1.2530586607479166,7.752030492476559,60.09397675628635,,
131.0,-11.503762955164303,-0.80177723089752,0.21916179826261348,1.344080617913205,9.999999182621707,99.99998365243479,,
132.0,-7.875986749403279,-0.8174947947251944,0.18695526522962014,1.2892937680882612,8.35434978687522,69.79516036146202,,
133.0,-12.667751751619264,-0.8597642697519241,0.23435546366342203,1.2634308672562384,9.999999105155485,99.9999821031105,,
134.0,-13.519081203695462,-0.8451856906062238,0.22753422730403314,1.2843659504156864,9.999999452607925,99.99998905215881,,
135.0,-7.142403894597042,-0.8064982797603464,0.1849457446180244,1.308792195108067,6.524599360056904,42.57039680925495,,
136.0,-13.503251253571191,-0.8394781151087285,0.2135646583283833,1.2918181836363147,9.036944598597277,81.66636767811649,,
137.0,-9.529068427113705,-0.8447567424033933,0.19297023971595187,1.2571819410780964,8.785939684168481,77.19273613384655,,
138.0,-9.279210165691284,-0.8477281681897999,0.21787549050307609,1.2772357062503947,9.359449079351949,87.59928706898204,,
139.0,-6.679646425142192,-0.8320304386002417,0.20202176589217868,1.2742539273098115,9.99999904382732,99.99998087654731,,
140.0,-8.834013630301019,-0.8438595410968344,0.17718745630814486,1.24288706121079,6.929431857626056,48.01702586948289,,
141.0,-11.572234790486569,-0.8995242578005784,0.23586364572632285,1.195190194300748,9.999999251579025,99.99998503158108,,
142.0,-10.292416388556916,-0.8464352181868432,0.1997197215113371,1.2480766918258874,9.65425302933228,93.2046015543715,,
143.0,-10.310367345554273,-0.81481320641719,0.20972582675510848,1.3164873139982087,9.427461129166572,88.87702334194665,,
144.0,-10.360310931078471,-0.8724010608316001,0.21200873353013486,1.2189340076076345,9.999999111449329,99.99998222898738,,
145.0,-7.591078315183411,-0.8366828310422626,0.17516757245120945,1.2519863777192342,9.239808457259416,85.37406032684262,,
146.0,-12.818970587149227,-0.8125622195856566,0.21525063868083177,1.325544944859597,9.999999052117381,99.99998104234854,,
147.0,-8.434070162580813,-0.8462222098224905,0.19536956028250166,1.2440440232332364,8.583449241084201,73.67560087426895,,
148.0,-11.84493936161586,-0.8362793635320538,0.26020476684970945,1.2965480066439479,9.999999213943608,99.9999842788728,,
149.0,-15.31622898563603,-0.819750723456583,0.20585638497808312,1.335195507963336,9.091468759740039,82.65480420932909,,
150.0,-19.919616892259647,-0.825919808977389,0.26316480992258523,1.3488407676659266,9.99999914830941,99.99998296618894,-0.8202990219737376,1.3166463538079134
151.0,-21.364342816474192,-0.82715117082074,0.23709308911016952,1.3674108775116887,9.999999170721825,99.9999834144372,,
152.0,-12.456162064558693,-0.8586314498700636,0.19820548606575755,1.2371517044736435,9.999999067246343,99.99998134492772,,
153.0,-17.8747760566272,-0.9135287474856368,0.2825194694746835,1.1975911634630014,9.99999928474898,99.99998569498013,,
154.0,-10.305432919192311,-0.8311145248228811,0.20316128970355907,1.277157688429389,9.39818776454408,88.32593325762605,,
155.0,-13.510299652442958,-0.8342902211221641,0.23151948209558565,1.2887728365647542,9.764783802458904,95.35100270876377,,
156.0,-11.291107520427655,-0.7962899309326181,0.19819931542642405,1.3416456200943272,8.140330466134584,66.26498009787889,,
157.0,-13.000222320834524,-0.8790404280737856,0.25665739409217764,1.2502901824953374,9.999999330483694,99.99998660967435,,
158.0,-12.863751892362744,-0.8227841727492409,0.2205514815416503,1.3127896393325194,9.999999236609948,99.99998473219956,,
159.0,-9.22155956889224,-0.8670376403949702,0.22394303523860562,1.234516906078738,9.999999172350691,99.9999834470145,,
160.0,-13.272394499245891,-0.8320837878413547,0.2343350859353006,1.3026802588587767,7.414308245732172,54.971966762732066,,
161.0,-13.042930535365734,-0.8354854591563038,0.22666489015695093,1.2968637412251218,6.166533013188963,38.02612940274935,,
162.0,-10.81687086097686,-0.8938265119703612,0.2337725993700365,1.2017812722479004,8.857680877086608,78.45851052030578,,
163.0,-11.295339353507542,-0.8704151016260087,0.2727374772744784,1.2608105879489795,9.999999051062558,99.99998102125207,,
164.0,-9.200316551924717,-0.8680290260351832,0.2155540515481208,1.232309478926151,8.856266382612034,78.43345423978406,,
165.0,-18.228503680664083,-0.7572179971628992,0.24920064790690458,1.4397626685250284,7.534559165424476,56.769581817281974,,
166.0,-8.104107297138734,-0.816033736841759,0.19703077129501914,1.299918654243094,8.434644801042706,71.14323291975677,,
167.0,-5.626449197677794,-0.8482700860506964,0.19615536486393537,1.2470153460699498,8.598326026591618,73.9312104595628,,
168.0,-13.97690298861434,-0.8101058222207894,0.26053126030620855,1.3500586613411862,9.999999135858511,99.99998271717095,,
169.0,-12.226718557273035,-0.8218028697373718,0.2139942899739634,1.3054252700164,9.06219364905384,82.12335373295176,,
170.0,-6.123413071541452,-0.8968919599211812,0.23789074548955547,1.1936293982909194,5.847167318500529,34.189365650540665,,
171.0,-11.339204181728023,-0.8106670574282012,0.20469877671359557,1.3128715273259828,9.99999903586433,99.99998071728751,,
172.0,-9.544634679861257,-0.8607502527267837,0.20632258491347735,1.2279749153668684,6.3148391775223685,39.87719383797138,,
173.0,-11.62922609194706,-0.8397716031097969,0.22219464553302104,1.2889987299721666,8.13684854268665,66.20830420662185,,
174.0,-8.569626899114567,-0.8422593239865334,0.18770553972005358,1.246485349902501,9.648577768197375,93.09505294895266,,
175.0,-20.13170175495864,-0.8378579316363424,0.2653930990660817,1.304509637516519,9.679315146985044,93.68914171465408,-0.8316189681820213,1.293438401016479
176.0,-9.70887237904057,-0.8296752271294482,0.17769989661636756,1.266743222997147,5.724425298766713,32.769045001160364,,
177.0,-11.118684207599296,-0.8564302861888201,0.21465462069725655,1.2466614961369609,8.648221107463153,74.79172832357119,,
178.0,-14.480288585029182,-0.828083039889774,0.22626504167299363,1.30815548685407,8.623598924420525,74.36645840926683,,
179.0,-17.595008446817815,-0.8478048864383413,0.23638351552056938,1.2818750595162989,7.624079559466672,58.12658912907753,,
180.0,-8.535919415229358,-0.8424543079670852,0.1749430147435509,1.2397688579444792,6.049605465848055,36.59772629241866,,
181.0,-13.15155036387847,-0.8842556145733018,0.23520139991560593,1.2054075441983003,9.999999142332324,99.99998284664723,,
182.0,-8.209288134587869,-0.8547183282804479,0.18463564934511403,1.2272376803872058,8.04784984710546,64.76788716155538,,
183.0,-7.055761147116593,-0.858113058472952,0.1948571765956499,1.2379056799318098,6.558135521012233,43.0091415119624,,
184.0,-11.969617780560528,-0.8305731545527655,0.22328846071082895,1.297233683612554,9.99999901085785,99.999980217158,,
185.0,-9.439706851768534,-0.8390494458461205,0.1830818692277299,1.2522394355737982,7.454728781748525,55.57298120942984,,
186.0,-9.440710299010897,-0.8603407086090967,0.21664782913627548,1.2351746195497888,9.999999006278582,99.99998012557263,,
187.0,-9.000806345002816,-0.8397579515229794,0.1927072037694661,1.259354802572038,6.409719717381538,41.08450685538966,,
188.0,-6.7543599951881115,-0.8325466992131643,0.22290083503686337,1.2818566246018857,9.999999013919513,99.99998027839123,,
189.0,-10.850261940883692,-0.9082319788696418,0.2280663004316722,1.179598845267324,7.749132535709924,60.04905505599812,,
190.0,-6.732230764822432,-0.8327021953480651,0.1638812516797801,1.2480198687768498,4.880118522775214,23.815556796333738,,
191.0,-12.994893813811846,-0.8868772260427483,0.25654538490999584,1.2260571538978713,6.667328459185335,44.45326878266269,,
192.0,-10.789647419848102,-0.8233636157275854,0.21689497024840965,1.3114002714897492,7.6550563724880245,58.59988806596951,,
193.0,-8.838623696992443,-0.8755680765758117,0.21631545146093228,1.211115784245337,8.494599453592507,72.1582198769741,,
194.0,-12.380765355531679,-0.8663842664667791,0.2431155079020323,1.2545490222187186,5.641884320912053,31.83085869055325,,
195.0,-6.974843966692612,-0.8230193583727123,0.2124357652273835,1.2836244812063815,6.246435057871347,39.017950932204215,,
196.0,-12.895638652561107,-0.8473783742300426,0.2263804550185361,1.2636984943878498,6.019261744146227,36.23151194454228,,
197.0,-9.747235851620143,-0.889571263419833,0.22776595262085708,1.2017250088703058,7.290654057434393,53.153636585184586,,
198.0,-16.975866287869195,-0.8343192980102853,0.23432912949733123,1.3153189517100015,6.66278858111942,44.39275167669534,,
199.0,-7.919613992787956,-0.8442124432141594,0.1921289803915342,1.2516960443475105,5.578237153043641,31.116729735596433,,
200.0,-10.089634227277807,-0.8466341503946967,0.24330703475189072,1.2893067595154082,9.616226820046618,92.47181825458391,-0.8192168685595796,1.3187822536270806
201.0,-9.228466079709785,-0.8649595055168136,0.2155801817296542,1.2513151063687507,8.108016491382937,65.73993142453767,,
202.0,-8.155875111477119,-0.8557521860083113,0.2138136781399212,1.2468058341281885,5.273645516725589,27.811337036079905,,
203.0,-9.746859293927027,-0.8111252982106911,0.20580644585052466,1.319196549264671,7.520515346815151,56.55815108168221,,
204.0,-5.831649966779979,-0.8175027427166459,0.19178964300287762,1.291576313346888,5.510717688852228,30.368009446228843,,
205.0,-3.827311001120913,-0.8771102083394149,0.2194556642546831,1.2075592253938063,9.396261193356905,88.28972441378492,,
206.0,-13.03082307848069,-0.860127541750745,0.23611086150211216,1.2492940379948978,6.456034562116139,41.68038226723813,,
207.0,-9.317022034895784,-0.8609865735496891,0.22310591897291635,1.2369811406123796,8.574690212195314,73.52531223511812,,
208.0,-10.556289000887693,-0.8118430441332618,0.2076385953397694,1.3231548972673948,7.618963047007972,58.04859791167299,,
209.0,-8.725003487928497,-0.8532269061502045,0.19271996952115333,1.2359802947969434,5.613848073900445,31.515290196835736,,
210.0,-8.600860604202918,-0.8364492861782032,0.1836870718624145,1.2603359746516092,6.355272708652713,40.38949120134599,,
211.0,-11.871080219918644,-0.8611774220283894,0.22761545712323472,1.2469941671233489,7.095698704739826,50.34894010844645,,
212.0,-13.013137889187758,-0.844824589330244,0.21271277779681022,1.2724722268246857,7.297460367503095,53.252927815278404,,
213.0,-9.314284329435862,-0.8383592777127568,0.18983742323380878,1.2607714521339057,7.713028111053072,59.490802641894916,,
214.0,-15.335846575526523,-0.8307648811845829,0.23662252785086244,1.305442755719795,5.62293731517887,31.61742405043096,,
215.0,-15.354162989315386,-0.8458265963575687,0.2073908894803534,1.2587666095940062,5.808500874146524,33.738682404960926,,
216.0,-12.152582294431458,-0.8654274348104869,0.2143173165401052,1.2271976616347247,6.344133163279524,40.248025593423066,,
217.0,-9.722906014632814,-0.8661775173432815,0.17582697222285137,1.2073662817366975,4.342008565875592,18.85303838613701,,
218.0,-6.7689640902311545,-0.8907872097493639,0.18749278457121143,1.1705492950847645,5.432587564732435,29.51300764848549,,
219.0,-6.655693964177036,-0.8651029578410948,0.16224956055072687,1.2006986904801136,3.840284426283369,14.747784474754585,,
220.0,-9.586707852543096,-0.9087055809418475,0.19138411427096402,1.1570255124436049,9.360480923956239,87.61860312774863,,
221.0,-7.5546101094220255,-0.8974664196800411,0.17923442325181263,1.1638929683200172,9.742523799310199,94.91676998012564,,
222.0,-8.819405676488454,-0.8728884549671241,0.14629397936089697,1.1921449387564804,8.279330074316194,68.54730647947659,,
223.0,-6.427965021531287,-0.8428224432482181,0.17257555128036792,1.2383709659770976,5.309367595016838,28.189384259014886,,
224.0,-9.504740421692897,-0.8227092308964898,0.17596775135214127,1.271886793835801,4.605202523157537,21.207890279296542,,
225.0,-8.04718023988118,-0.908590549955679,0.1608783798899646,1.1380995915187717,7.117490787672594,50.65867511260424,-0.8481599499897181,1.2411386326401517
226.0,-13.010879259090576,-0.8737443659944762,0.17734658328106717,1.1965578518317859,5.82105179867501,33.88464404285757,,
227.0,-10.784180127424401,-0.8703464322174134,0.22304066956384022,1.2236056651723448,6.682075742304293,44.65013622589147,,
228.0,-15.751990269835037,-0.837323959222285,0.18557783501133834,1.277243598177865,7.921511578917322,62.75034569492121,,
229.0,-11.718299935789677,-0.8614012912025284,0.18576976952010543,1.2249074905287012,7.132708754440472,50.875534175671746,,
230.0,-7.652929891087618,-0.8683331054954894,0.17542069975864286,1.2024480792082302,5.368979292090364,28.825938638895142,,
231.0,-8.212411967109999,-0.8939776844518762,0.17694537293038134,1.1664431432760283,7.836632838545225,61.4128142461654,,
232.0,-9.09534674675768,-0.8625315302030694,0.17875854856643386,1.2100481040480913,5.975141240708702,35.70231284641792,,
233.0,-14.267284418957622,-0.8395594042332393,0.18691295008860123,1.265880527752067,6.745531520228963,45.50219549040246,,
234.0,-11.446248516701832,-0.8912412846078006,0.20229675841579745,1.1877363755266797,7.000214217047682,49.00299908455649,,
235.0,-11.84262120681099,-0.8520637137095789,0.18133791217165635,1.2322378329551358,7.08281602284644,50.166282813490255,,
236.0,-7.372512461558021,-0.8400543689600934,0.16136020377155724,1.2419883756605175,5.739817493635201,32.945504860240675,,
237.0,-11.615959603468175,-0.8461234847307426,0.17789151673008502,1.2361421646151465,5.451787324331569,29.72198502974237,,
238.0,-12.079522152089476,-0.8537156205880433,0.18129265905520436,1.2268045756827783,8.657900817716026,74.95924656940784,,
239.0,-9.82283845310685,-0.8482456799883399,0.1950892452798681,1.2494499748167467,9.999999240998136,99.9999848199633,,
240.0,-8.294180778724114,-0.8336352325420819,0.15762896526500278,1.2508650167603974,5.458194717410191,29.791889573164514,,
241.0,-21.779124151042573,-0.8586685387253327,0.24996699099049818,1.2758597932341578,9.999999063977453,99.99998127954994,,
242.0,-7.803992333521027,-0.8849191578086462,0.1713579310212265,1.174933685601615,5.788695728065764,33.50899823212682,,
243.0,-9.66940121621029,-0.8568877366177592,0.16782832465731315,1.2209859098326525,5.980123684437278,35.76187928116769,,
244.0,-13.203255384719666,-0.831297438390185,0.1971272712528957,1.28609201328052,7.869194048872284,61.92421497880698,,
245.0,-8.945612047019399,-0.8794091621369676,0.20964746921475316,1.1926890809698039,9.999999167374668,99.99998334749407,,
246.0,-11.009529486275538,-0.8871837012192402,0.15562125576573108,1.1663449881525838,4.379107537672971,19.176582826504237,,
247.0,-10.894156788603933,-0.8685038692083376,0.182703313995532,1.2102183011611676,6.199291092832715,38.431210053675045,,
248.0,-10.201815985152596,-0.8530980031805713,0.17614049376108662,1.2288774958221127,9.999999060905376,99.99998121810839,,
249.0,-12.063515444424512,-0.8792634927513437,0.17692414706896403,1.1948080288942504,7.52991480565309,56.699616980393614,,
250.0,-6.649429649825267,-0.8939635007257075,0.17297656934863773,1.1605487742074145,5.2951982951162595,28.03912498460214,-0.8745275288500071,1.189254991894885
251.0,-8.043300468008542,-0.8870731241241344,0.16451306996602896,1.1714490743408406,6.077166464307125,36.931952234899164,,
252.0,-16.214350006712955,-0.8773907030048571,0.24263084485002784,1.2346260553780772,9.99999920328123,99.99998406562524,,
253.0,-6.396858555646317,-0.8913860787616124,0.16310917824229548,1.1594705311936795,4.234384946174152,17.930015872386274,,
254.0,-8.70357520518839,-0.8918378533354783,0.17210813080932832,1.1685798342728053,8.109210994567075,65.75930295440753,,
255.0,-10.661162415093436,-0.8829317367193767,0.18281325982537958,1.189108262513198,6.530407591461704,42.646223310620655,,
256.0,-8.488168916608492,-0.8765715687966948,0.1590945987723619,1.1794754850066937,5.632672066537027,31.7269946091465,,
257.0,-9.080917925539538,-0.8321392422764287,0.14735684345956027,1.252918086720359,4.736994726277915,22.43911903678478,,
258.0,-10.149084715367355,-0.8718633286553346,0.19621650361866794,1.204032456451915,6.006617981527163,36.07945957600545,,
259.0,-12.209945993814427,-0.8602376213454904,0.18258364089139267,1.2158657454256572,7.273452908870136,52.90311721755145,,
260.0,-12.522639652249417,-0.8476616805072439,0.2080890318286917,1.2520281476561919,7.520319113370845,56.55519956693085,,
261.0,-19.644534968377187,-0.8475367428845408,0.18382171797033003,1.2556813213937497,9.517096732498853,90.57513021574036,,
262.0,-8.334956188542492,-0.8810423339047158,0.16001273139437297,1.175659412096606,9.999999069318458,99.99998138637002,,
263.0,-9.125771571712772,-0.8872143575846224,0.19384039432500824,1.1790737652205643,8.375935544639006,70.15629624794713,,
264.0,-11.410477431662462,-0.8512987087137907,0.17930203135123599,1.2354707610222566,6.159280265473322,37.93673338864912,,
265.0,-15.566540980623326,-0.8224342876157515,0.17196723342108497,1.276184867235739,6.796299799790785,46.18969096863627,,
266.0,-13.505570347855596,-0.849549409347429,0.18909572364310157,1.2440137727163474,6.582517622238175,43.329538247076115,,
267.0,-7.970310847774891,-0.883830992947312,0.17036379578955899,1.1778582041622185,7.777957729209412,60.49662643736843,,
268.0,-6.485704381001487,-0.8782376462968858,0.17773047379856685,1.1875998883594994,5.743378283404957,32.98639410628767,,
269.0,-9.60113301312909,-0.8835895049905794,0.18027469412487213,1.180526712028604,9.999999016406836,99.99998032813768,,
270.0,-10.865416432650775,-0.8587856253700646,0.1423018824997153,1.2003350896263894,5.913011824157827,34.963708832630275,,
271.0,-18.64222674218318,-0.8140110840385628,0.19583012791673304,1.3083178674275757,5.893575483678362,34.73423198181463,,
272.0,-11.268903513062327,-0.8663704455640867,0.19552167351923036,1.2226237881608673,9.999999187511127,99.99998375022321,,
273.0,-11.944412662405892,-0.8631344162625518,0.16094657120772346,1.1983085136884197,9.999999024376832,99.99998048753758,,
274.0,-8.506565381763423,-0.8400831046921938,0.1281028125215357,1.2201273962204664,8.13550820022504,66.18649367592886,,
275.0,-10.03452927046953,-0.8374799567858657,0.15652209563104674,1.2412309710553522,4.365022919547656,19.053425088176347,-0.8644421728121876,1.2067575086832194
276.0,-12.497948878849396,-0.8456960252343573,0.17809393281461675,1.2361258944893594,5.820640908814205,33.879860589361456,,
277.0,-19.978922509179625,-0.8401023793432276,0.20123565022163975,1.2798506507261056,9.999999205371463,99.9999841074299,,
278.0,-11.777373340911769,-0.8414089530218448,0.165207782429343,1.2361520862663593,8.80375999995884,77.50619013687529,,
279.0,-6.802189053995115,-0.884682821687925,0.15563153219206224,1.167353758523728,5.851535473729754,34.2404674003177,,
280.0,-15.540827310595002,-0.8298101605731121,0.1827865404916492,1.2787893964360324,9.999999160517168,99.99998321034406,,
281.0,-14.354215800416027,-0.8879650185475273,0.19939300025241,1.1958995215112358,9.999999200688363,99.99998401376789,,
282.0,-15.14171720328079,-0.8576718673807457,0.17361203542205603,1.2189731596980717,9.999999377180632,99.99998754361305,,
283.0,-17.55882057590449,-0.8708746052712021,0.21384654724487867,1.2278730246734846,9.554043196244663,91.27974139570894,,
284.0,-11.826726176905611,-0.8517465208198945,0.1721949770666566,1.2380418622076492,4.6710758182341205,21.81894929969156,,
285.0,-5.216098426540669,-0.9233129743757948,0.15826151318818346,1.1167807752539116,7.876435918253243,62.03824277434981,,
286.0,-16.797057998875648,-0.8612078846708549,0.18845098168424207,1.2359608896024221,9.999999062316665,99.99998124633419,,
287.0,-9.128436826768365,-0.8917176683633846,0.18831915625944348,1.1682794211141627,9.999999134972656,99.99998269945385,,
288.0,-7.412320613564145,-0.8727844823460564,0.18008790447247977,1.1954936824885787,9.239945937888546,85.37660093510303,,
289.0,-10.480826890289155,-0.8684320481757892,0.17032472520376296,1.2008707604096098,9.244009315367256,85.4517082225966,,
290.0,-12.447260693195721,-0.8848333004351477,0.19586972144205925,1.1865927653533441,7.243059385623754,52.461909263672354,,
291.0,-5.600860689016033,-0.8834143172238111,0.1972037616570831,1.1834648811187036,7.630508649065525,58.22466224346378,,
292.0,-14.399956945457555,-0.8797829511679852,0.16653965557706749,1.1800152200765193,7.471970757612959,55.83034700262317,,
293.0,-9.026157181766433,-0.8840753392089931,0.16189444666916888,1.1729649872432049,9.999999306773605,99.99998613547257,,
294.0,-6.646933218744648,-0.8810751389245515,0.18715593133231584,1.180134345030193,5.818043523319133,33.84963043923571,,
295.0,-12.046819432581444,-0.8836165674371522,0.2059485062530683,1.1940632843780445,7.233877965670357,52.32899042221109,,
296.0,-15.393155690366967,-0.8616864710263675,0.19185725683592506,1.2265461005984286,6.936086611495128,48.10929748216196,,
297.0,-10.443507643898938,-0.9350393253608916,0.17976387469513783,1.1128081962099867,5.624089114486224,31.630378367682436,,
298.0,-8.018520919777616,-0.868755806820978,0.15431153771567616,1.1882708010312162,5.91100521084284,34.93998260261121,,
299.0,-21.922758960645176,-0.8539822789614095,0.2078597235651541,1.2671382689034825,9.999999386522559,99.99998773045155,,
300.0,-15.147400637219784,-0.8596113891452657,0.18785708721241848,1.241541448518416,9.999999424511357,99.99998849022748,-0.8616352041006,1.21038670244738
301.0,-12.201918585475646,-0.8995063242692727,0.16887113940952964,1.151915115560074,9.999999056721313,99.99998113442714,,
302.0,-9.147140168994348,-0.8794598565007395,0.17756890477041024,1.183404184542292,9.634279344146522,92.81933848104833,,
303.0,-14.308234812797757,-0.8735772966919418,0.2195787612628339,1.2195969099039041,9.999999191587353,99.9999838317477,,
304.0,-9.922744806330407,-0.856008365204392,0.15267598096979837,1.2081988464933295,6.086649844494348,37.047306329483064,,
305.0,-11.287237352723869,-0.8483095674064676,0.15970144075999657,1.2255390499004606,9.726144062673027,94.59787832786978,,
306.0,-13.825033354486074,-0.8879579797790396,0.20451944908194633,1.1927755103395987,8.519032110064703,72.57390809231346,,
307.0,-13.148586310461141,-0.8707545329328699,0.1521725900688451,1.1912629951119948,9.999999328387176,99.99998656774396,,
308.0,-9.506489173750527,-0.8847775788744018,0.15634910499470472,1.167742788046135,5.23339168721784,27.388388551840787,,
309.0,-12.457269615222884,-0.862787222986219,0.18613389108274406,1.2216583514387667,9.999999012580028,99.99998025160153,,
310.0,-10.771685856115411,-0.8690720683490305,0.1991808105153316,1.2161889288316168,5.949839632380124,35.40059165104125,,
311.0,-12.56307556751374,-0.8759049797989569,0.183891037649706,1.198379309430058,8.768148909094785,76.88043529206007,,
312.0,-15.072922394270773,-0.8408073177388781,0.19548552262851157,1.278069043450014,8.717192791358828,75.98945016171831,,
313.0,-11.393524369221504,-0.8765360582954161,0.17062217866658977,1.1898928196738723,8.68813529566678,75.48369491581091,,
314.0,-18.312719830652007,-0.8972728506999815,0.21652026601193747,1.1836974290004658,9.999999229094135,99.9999845818833,,
315.0,-16.162982977498515,-0.8759722651336249,0.18258201850946873,1.2013906073372067,7.439818837383339,55.35090433308398,,
316.0,-13.64752565416549,-0.8913730648493641,0.19478466332397879,1.176543662846122,8.843104650873704,78.20049986630411,,
317.0,-13.44236710901538,-0.8549970416444894,0.16903731202188232,1.2236696084012013,9.999999075308216,99.99998150616517,,
318.0,-13.863860330775314,-0.9054367951592593,0.1856008018196226,1.1566417271405198,9.999999320893616,99.99998641787278,,
319.0,-19.588839564032572,-0.8701758824166108,0.20403287593157704,1.2220309259010178,8.507413091233103,72.37607750488436,,
320.0,-11.415037959744728,-0.8921506625086287,0.18529645522443938,1.1686373514005555,9.978613496308006,99.57272730870028,,
321.0,-16.257073048362436,-0.8929054013963211,0.22610750360257,1.2022610012379369,9.305011584429364,86.58324058636465,,
322.0,-20.58947336473805,-0.8579698457905103,0.22830672797969986,1.2704912369712547,9.999999453847042,99.99998907694113,,
323.0,-14.77980992217567,-0.894237195238213,0.216445185623921,1.1879735246511818,8.102894787678977,65.65690394019515,,
324.0,-10.387388620889908,-0.8687493059849599,0.17167491889073183,1.1985227258573814,9.999999017721972,99.9999803544404,,
325.0,-14.687107928703998,-0.8339087468603865,0.17765756989171388,1.2611413477413436,8.308839886051585,69.03682025204171,-0.8642811362896642,1.2003044669222425
326.0,-13.972508615315821,-0.871889106670342,0.18355970940397479,1.2131530010022453,8.50014055577602,72.25238946794829,,
327.0,-19.63995384996231,-0.8374831706287666,0.19314420129187373,1.2668140281320792,5.879622896872726,34.569965409430026,,
328.0,-15.39874554286649,-0.8906538985189556,0.21561209390418404,1.192109659800329,5.522506239414286,30.498075164369716,,
329.0,-14.805564707007624,-0.917855640665989,0.21216195912283667,1.1463327316429006,9.999999284736614,99.99998569473277,,
330.0,-12.996721080491985,-0.8902568892568286,0.2014771789190053,1.1801411078289616,9.999999064310801,99.9999812862169,,
331.0,-11.95084723516487,-0.8776461845434103,0.20615983289440304,1.1996212545135672,7.237224603015579,52.37741995449401,,
332.0,-11.57939496906313,-0.8493409519098625,0.16767728942277058,1.230449897094879,8.78651997105889,77.20293320181672,,
333.0,-8.69953629708768,-0.8704185251181198,0.16003800582014513,1.1885552563576878,5.666131711707656,32.105048574419136,,
334.0,-19.37218957432464,-0.8619804600033676,0.21661355160682186,1.2471846662420547,9.99999932460793,99.99998649215908,,
335.0,-21.3033233830783,-0.8508336001929018,0.1967084170804973,1.2486577738882425,9.99999930401589,99.9999860803183,,
336.0,-12.851629652343018,-0.8810684886121976,0.18780133497838583,1.1879328664508302,9.294126336483247,86.38078435851149,,
337.0,-18.657245211433903,-0.85579556263046,0.17488011867218084,1.230151096099062,9.18099644258309,84.29069567872335,,
338.0,-12.615760831803923,-0.8417151729677483,0.17952971995735084,1.248668630784847,8.34427357518854,69.62690149758973,,
339.0,-19.115729906375933,-0.9002713938786491,0.22972534482028187,1.2016265032731277,9.99999911343292,99.99998226865921,,
340.0,-13.187322136618734,-0.898802201204534,0.201007576911976,1.1709861801837593,7.412943537165606,54.95173188520532,,
341.0,-20.093389226543728,-0.8417119741178362,0.23451077969391076,1.2862746529267624,9.999999252252042,99.99998504504141,,
342.0,-11.553213644994552,-0.8393954849218632,0.17129861527012633,1.2429095958450702,5.12187312485084,26.233584307069307,,
343.0,-18.699503176564225,-0.8409968301826101,0.18649273585967588,1.248494439564848,8.812191899670866,77.65472607662483,,
344.0,-17.19248476530108,-0.8791952175410476,0.2453339922856854,1.2246633681160342,9.99999943026025,99.99998860520532,,
345.0,-14.362937060386656,-0.8632558496477853,0.18798163796511025,1.217141044631267,7.050148123175308,49.704588558712324,,
346.0,-13.081696900398374,-0.9167425945158953,0.18537036941611557,1.1446714664626874,9.113435214902749,83.0547014162295,,
347.0,-7.4667317810671125,-0.8967401052096566,0.14514198449648533,1.1474718363793208,9.99999925983328,99.99998519666613,,
348.0,-21.181011563505653,-0.8289835546774567,0.19878459347495833,1.2899814456326586,6.236157603071876,38.88966165035117,,
349.0,-12.382417196411966,-0.8708222225396414,0.17907399834879262,1.1951603573069995,9.999999031638534,99.99998063277164,,
350.0,-14.490369392817962,-0.8450793815745364,0.1689156530279607,1.2377234515680413,4.601770289908794,21.176289801087265,-0.87481884591046,1.1953509585728805
351.0,-16.323094374408058,-0.8877067921723263,0.19844503541345349,1.1943423799544792,9.99999913004858,99.99998260097237,,
352.0,-18.277524490019186,-0.8697935952138212,0.19626674249122408,1.213930792745768,9.13831705712023,83.50883863645453,,
353.0,-15.238810181558918,-0.8777137936431667,0.2216244972434449,1.2237454402125376,9.999999272745672,99.99998545491397,,
354.0,-9.373898183413061,-0.9117354317410415,0.17209106819831396,1.1329933217015873,9.332402172232388,87.09373030428779,,
355.0,-19.094807029199547,-0.8815908047982968,0.23292445847688587,1.2085316235175783,9.999999170808229,99.99998341616526,,
356.0,-16.009469692061522,-0.8290409983982194,0.1867157752952773,1.2689218841156154,8.06780610262258,65.08949530951413,,
357.0,-21.545086643657314,-0.86524811507391,0.20778045605852766,1.233129722693737,7.828911960234313,61.29186248109988,,
358.0,-15.645737020657187,-0.85403699102259,0.17078257753669346,1.2231220968776018,6.345228881043186,40.261929552824554,,
359.0,-10.342320895520489,-0.8267810717347679,0.1472219324565609,1.2512182932177183,7.745405575491685,59.99130752885768,,
360.0,-12.742307887206845,-0.8700004971983455,0.17695404819833718,1.2101305645366,9.951425487465098,99.03086923256996,,
361.0,-8.545069046992998,-0.8803390142403327,0.19790107820961464,1.1907905394902123,8.29628672105225,68.82837335790788,,
362.0,-12.504123223614771,-0.8338321001041966,0.18092790010711024,1.2560577611867565,9.355578002452406,87.52683975997135,,
363.0,-8.716475583348373,-0.8722705586045276,0.15112886304155282,1.1847658566509494,5.169461588490481,26.72333311487853,,
364.0,-9.01381043247167,-0.8114755073300273,0.1374649700785776,1.2711451258545725,9.968999797120075,99.38095695498009,,
365.0,-8.130972121221955,-0.9216502336445189,0.18900106895691504,1.1331162540796234,8.098771286004032,65.5900963430034,,
366.0,-17.301217047660764,-0.8841326970947294,0.19346154325636786,1.1963166911248835,9.999999351039767,99.99998702079577,,
367.0,-14.040916774422815,-0.8695536259434926,0.18134755088690663,1.199117041930548,9.999999139621917,99.99998279243908,,
368.0,-10.3924682484425,-0.8884970924208944,0.15535530767560907,1.1722405579734532,5.957621380058069,35.49325250812501,,
369.0,-19.122665203750827,-0.8758739686607833,0.18304665014678723,1.197221450977421,7.657854544674575,58.642736227393044,,
370.0,-17.80656479274667,-0.8793053363648826,0.18847272059504813,1.1908768583796991,6.605314678930862,43.63018200769952,,
371.0,-21.18451269786321,-0.8603682662994045,0.18938932513066534,1.222520966082075,6.24338997453351,38.97991837410555,,
372.0,-10.281402827706449,-0.8591649669379442,0.1597201889724132,1.2068168550744716,6.792030115687215,46.13167309240208,,
373.0,-10.23353520257104,-0.8616821560322971,0.13764568073195213,1.1913799559668603,3.8927137680629222,15.153220480066633,,
374.0,-8.510786064817573,-0.8814344992918952,0.14851529100393476,1.1680435418209076,7.871198222394122,61.95576145622039,,
375.0,-12.738089547677692,-0.9083591043862991,0.1878979187327988,1.1421011706146724,7.859773737550382,61.7760432054867,-0.8819873431501859,1.1632295606886918
376.0,-20.17704928177708,-0.9149143443568886,0.1984221082099753,1.1497237899513335,5.41699114441648,29.343793058686565,,
377.0,-7.773001784271331,-0.8893974643341456,0.1670213676582073,1.163018538271988,9.99999902496735,99.99998049934794,,
378.0,-9.742611933775517,-0.8587526467341415,0.16764694840448394,1.2142565864609565,7.312952713765083,53.479277393764086,,
379.0,-12.633454452186509,-0.9018399956362388,0.15038592458733438,1.142311810191255,6.8834679687214795,47.38213127641461,,
380.0,-13.357083695350255,-0.868686830278331,0.19956503394658173,1.2182860710587127,5.863721484425798,34.38322964691669,,
381.0,-16.332110004223452,-0.8719180298321024,0.17892702602018395,1.212141973781773,9.592240798337036,92.01108353328152,,
382.0,-4.940924442527758,-0.9056328001842253,0.16559241762120752,1.1372086261520011,8.529502567577389,72.75241405030926,,
383.0,-5.592318867238333,-0.9030484563860208,0.17330544751910587,1.1486793466672474,9.999999313880737,99.9999862776152,,
384.0,-7.336517005954281,-0.8950617654559406,0.16026365672763,1.1529030454395406,6.455081280112881,41.66807433286375,,
385.0,-6.377091362595301,-0.8799384137257986,0.15828328622106222,1.1724572334375696,7.2288773702925875,52.25666803472827,,
386.0,-11.87418447272526,-0.8859279665140781,0.16071970852149614,1.1739518632512214,5.716539537062788,32.67882427880203,,
387.0,-9.777531386279314,-0.9125430256327423,0.14891750027953576,1.1265986569775848,6.619917589353891,43.82330888983704,,
388.0,-6.628006783207615,-0.8948037275068377,0.1356041064090535,1.145199777924109,5.548281296479072,30.783425344859488,,
389.0,-7.9881125429894775,-0.8919642736566349,0.12487796721779876,1.1442016860549065,5.3892249959176795,29.043746056623917,,
390.0,-7.755805895899671,-0.8921216986502138,0.15545925771148733,1.1566501295443254,9.999999049994523,99.99998099989136,,
391.0,-3.979875572775396,-0.8858497573484333,0.12229550702409968,1.1523511108790092,3.6096065962210733,13.029259779482683,,
392.0,-8.07037472081026,-0.8790826361907162,0.15943181575542675,1.17778095837525,7.709234601383766,59.432298139172715,,
393.0,-10.150651881634762,-0.9089708996374554,0.14755544244606356,1.1322949992013314,6.2620988735911824,39.21388230263195,,
394.0,-13.075975152598886,-0.8681037105002207,0.1554625307284133,1.1953095172626766,6.733176162375703,45.3356612335844,,
395.0,-7.095669725407031,-0.861761974528384,0.15166342133006847,1.2008462094211736,4.761346981764265,22.670425080755678,,
396.0,-9.539099644550426,-0.8701158443304948,0.13510535978154295,1.1855863818365218,4.451855452839959,19.819016972980883,,
397.0,-8.75837372872758,-0.8864287253321341,0.16084751284635865,1.1673917123086017,9.117643723363079,83.13142706618214,,
398.0,-8.444085489113528,-0.8937705798763717,0.13795587475527882,1.147272598478827,5.332195076744879,28.432304336462327,,
399.0,-12.384866955465656,-0.8926707099451827,0.1560935184175018,1.1637770465598196,5.579516872698393,31.13100853272605,,
400.0,-9.660943491010073,-0.9157696755190323,0.1655543193515331,1.1271554904915657,6.42427825569897,41.27135110664659,-0.907371467976156,1.1238078973704968
401.0,-10.862510111700756,-0.9135642156478354,0.1752840594230861,1.1373132117409583,9.529525962666733,90.81186507313933,,
402.0,-11.089003785874786,-0.8971205001489841,0.16954301427767846,1.16127222712724,5.41317395034315,29.302452216673665,,
403.0,-15.022412184813271,-0.8722415039818282,0.17431132119650591,1.202734241113495,6.019791486314683,36.237889538706746,,
404.0,-7.17601385830773,-0.9016522506582016,0.13685586723099946,1.1371537764704271,5.462058383871263,29.834081788818345,,
405.0,-16.078297484630745,-0.8675282765744461,0.16573828552238398,1.2000219496850169,7.788919682431584,60.667269819370134,,
406.0,-10.5845507845291,-0.8762324470334326,0.1205049063503698,1.1639407386899454,8.512676309035829,72.46565794241985,,
407.0,-8.107152548327626,-0.9072398826955381,0.14552644975310527,1.1320534907057285,5.721142158283475,32.73146759528849,,
408.0,-12.794952073024557,-0.9163042773813665,0.1661821834142386,1.1357682140378547,5.6515382585143765,31.939884687451716,,
409.0,-5.912983607664611,-0.893015373887408,0.2010319039701613,1.1648315679866894,7.789450575450978,60.67554026739357,,
410.0,-8.431559667262281,-0.9030769939608307,0.14016011904673564,1.1391371557790775,4.758642004174379,22.64467372389275,,
411.0,-6.347163107411544,-0.906907213969105,0.16721736867507672,1.1381116771257824,5.994286052908467,35.931465284092965,,
412.0,-13.529861223643358,-0.8861195519971953,0.14731637166066508,1.1642939519705764,6.593196669986138,43.4702423291163,,
413.0,-17.520003416610308,-0.9024042766652989,0.1794386974974523,1.1605676249643961,5.053234119683304,25.535175068331498,,
414.0,-5.147785813215373,-0.8966213932278169,0.14168175875747505,1.1468361479119262,5.0704187333759565,25.709146131769835,,
415.0,-10.519668681414913,-0.8816703237526138,0.15757745029905218,1.174436985388081,4.331435641648365,18.761334717741782,,
416.0,-6.729975503336412,-0.9082061976494686,0.14520711215285662,1.1285793057762856,4.63769100441797,21.50817785245936,,
417.0,-6.734634186714782,-0.8983096687896468,0.18485227391412506,1.1592612131304778,7.262892131401059,52.74960211236741,,
418.0,-9.64034756584695,-0.9031879303549037,0.1467506515980211,1.1382642905252638,6.525204065518166,42.5782880966548,,
419.0,-13.023662577133248,-0.9061391581734732,0.16833682661130508,1.1505400828306285,4.365264133522102,19.05553095541447,,
420.0,-4.57637452537309,-0.9096374192969492,0.13825583937348498,1.1271290271895085,4.554615408719965,20.744521521349334,,
421.0,-15.139468461861927,-0.9039705465581351,0.17582585982795917,1.1580465605062116,5.631779308465982,31.716938179265576,,
422.0,-6.095725085274759,-0.901184996427968,0.14179179784962562,1.1374039816706145,4.472469258468217,20.00298126794324,,
423.0,-14.45366023530842,-0.8908178383044338,0.14602456918296758,1.1602714892022576,5.136236780847015,26.380928268925704,,
424.0,-11.567073752724772,-0.8949199264263692,0.15827205581192952,1.153257520357208,3.3688685541331185,11.349275335026968,,
425.0,-4.5682663752775365,-0.9018767919703853,0.1659804897290878,1.1417007599079398,4.744125344108013,22.506725280607974,-0.8957115734378296,1.1422453855672245
426.0,-6.553963341590249,-0.8916594572867331,0.1512195968084861,1.1573972795344702,4.849036664950879,23.513156578037943,,
427.0,-8.178155421965702,-0.8688705465280843,0.1393677369557222,1.181221913868311,5.567953141354761,31.002102184322347,,
428.0,-10.797259691392581,-0.8684210917303303,0.151714298851183,1.1873651550241915,3.5402474506686317,12.533352011965746,,
429.0,-12.732990955501265,-0.8756723969135077,0.178667594332741,1.1900642408122883,5.029231879090103,25.293173293656174,,
430.0,-12.08598680451746,-0.853582049995093,0.17386192575421794,1.2245038800596009,5.309310675591723,28.18877984995224,,
431.0,-9.841100893136137,-0.8921698671176251,0.16216828940075986,1.1609722694903613,5.076191045914157,25.767715534619057,,
432.0,-12.832523625032282,-0.9115893997319067,0.18754853657447287,1.1463668444919286,5.494931479249482,30.194271961646905,,
433.0,-13.217504770638142,-0.882461993973368,0.1614384598283265,1.1735123845299764,5.78663189686837,33.48510870985443,,
434.0,-6.894120052441876,-0.8793919065299937,0.1644927365375505,1.1723560216789435,5.693541608797325,32.41641605110643,,
435.0,-9.300829219599853,-0.8809244087230867,0.18179527069246326,1.188322020521096,5.8598992899994125,34.33841968893562,,
436.0,-10.785263783842954,-0.8617073499322945,0.17617960409531183,1.218917534898163,6.650217515976051,44.22539300979468,,
437.0,-15.365810770799317,-0.8660338845659938,0.18458008290777309,1.2118883871986106,6.056742568342189,36.684130539168336,,
438.0,-14.783069259381218,-0.8544023667805314,0.18867478545942562,1.2338424448922032,5.755308406732957,33.12357485661104,,
439.0,-8.37025528943059,-0.8708104197730476,0.16447039526543392,1.1917208407640723,3.9019919814437225,15.225541423251109,,
440.0,-12.226638715669692,-0.8577630408418535,0.17902272822805337,1.2186547556175662,4.929849810260706,24.30341915172751,,
441.0,-14.663680054181453,-0.8684624371607911,0.15362427072111437,1.1947394015759514,4.948302586477424,24.485698487339164,,
442.0,-5.465242541078578,-0.8783546916959061,0.15188573797711002,1.180847754773498,5.580870012066415,31.146110091582187,,
443.0,-19.025182651723288,-0.9058787173287636,0.218439666450851,1.1646343983140466,7.918075523520307,62.695919996171384,,
444.0,-22.296390209254884,-0.8935052407947834,0.19714393424295137,1.1834608784005807,4.943208445984904,24.43530974045649,,
445.0,-10.604600995364198,-0.8635373288975604,0.18399863944289796,1.2160299372981882,7.801654655305634,60.865815360652064,,
446.0,-14.07147364114071,-0.8566281219568462,0.1667276020301515,1.2183836358864037,4.255670393654424,18.110730499426797,,
447.0,-11.907048451058515,-0.9024302531457636,0.1763471287698791,1.15251266465279,6.108263236233064,37.31087976311643,,
448.0,-13.525115190561806,-0.8608212275404588,0.19694486223575353,1.2229530351490419,4.813579033499469,23.17054311174568,,
449.0,-12.143634385736531,-0.8688684499520154,0.1807892333805074,1.2083048313516418,5.392496307819403,29.0790164298459,,
450.0,-17.494430856261484,-0.8856055990596754,0.19325434942224212,1.180700044954844,5.166858417615873,26.696425907688003,-0.9030281551602681,1.1349381397910117
451.0,-17.477249724800895,-0.9058689908067211,0.1916021247933006,1.1612067853807475,5.7878519077521124,33.49922970606977,,
452.0,-17.57112113940579,-0.8588551744334413,0.2121103829533939,1.2457934954093524,6.854919599425367,46.98992271458603,,
453.0,-9.617015518304115,-0.8963760013575928,0.1858445696364926,1.1626181667104412,7.067245157359391,49.94595411421976,,
454.0,-15.630273638779723,-0.8715385394085211,0.2097941212559806,1.2202447419868105,5.786647888743612,33.48529378830091,,
455.0,-12.879150820304487,-0.8646901768699287,0.16651205214000608,1.21462220454245,6.493628910869551,42.16721643208086,,
456.0,-13.517426596565011,-0.8430010352874804,0.16998021825377885,1.238868940936957,6.623029750909005,43.864523081425794,,
457.0,-18.258180044151445,-0.8863012702424544,0.23447364046498614,1.2093249833390312,9.31100344136004,86.69478508501851,,
458.0,-10.53747533657252,-0.866237862037638,0.1794079626636372,1.2073382417575638,6.273159875269393,39.352534820689904,,
459.0,-12.417965725571362,-0.8917286409388612,0.17133604570170216,1.164600073796509,3.6494086241986734,13.318183306375655,,
460.0,-7.898986864025112,-0.8916705708052468,0.17725015110833203,1.1682331401761257,4.555926367679018,20.75646506771293,,
461.0,-10.941499425154696,-0.8596691985875382,0.15724006567693338,1.2030626268375735,5.048474385418653,25.487093620228247,,
462.0,-11.19355627781913,-0.8968257583751964,0.18506943944931928,1.1621259401537904,6.16670339468856,38.02823075806341,,
463.0,-13.30653230473774,-0.8775754029462595,0.17343327891420096,1.1879061566917377,8.34762769112838,69.68288806969335,,
464.0,-17.445738568974352,-0.8641113409116751,0.1789290139902905,1.22260250871867,8.277060697164123,68.50973378453902,,
465.0,-17.512604650511207,-0.8955955072594204,0.1975006036059131,1.1746194350365158,9.95677037982723,99.13727639660486,,
466.0,-15.215541774673097,-0.8615478990038627,0.21922109792199918,1.2441707969196347,8.92388735386868,79.63576550453737,,
467.0,-17.102479498976336,-0.9105438674849252,0.22831350004463546,1.1653006068766878,9.999999032914282,99.99998065828657,,
468.0,-17.95067123100011,-0.8984385911489459,0.19326146027720378,1.1686054316242958,8.75623696219331,76.67168573808033,,
469.0,-10.66994078551375,-0.9075505719272968,0.1684599125699838,1.1421038328063753,9.999999086031826,99.99998172063735,,
470.0,-9.641442721781617,-0.9371350853182822,0.16613856814066275,1.102991865764363,6.924139617687471,47.943709445229196,,
471.0,-10.363124611804281,-0.919211698290088,0.16790649745974184,1.1285136698922567,9.99999931216762,99.99998624335288,,
472.0,-11.446646622712251,-0.9077355258786588,0.16409427516752698,1.1403281244804635,5.031458546921831,25.315575109392743,,
473.0,-15.002109689507893,-0.8913921800792322,0.16222072094061393,1.1698724261082964,6.624763905118862,43.88749679856572,,
474.0,-4.630340899420387,-0.8942404014980372,0.13523168304863276,1.1444612271872814,9.999999065332618,99.99998130665324,,
475.0,-5.902317146563796,-0.9339764430167972,0.15127604283604137,1.1018933367312669,5.966152903688201,35.59498047018715,-0.9316617935613486,1.0871110646026567
476.0,-9.689105992158728,-0.9179421684182633,0.13422300584105626,1.1164332889062587,5.411670533002073,29.286177957762938,,
477.0,-6.929803695163245,-0.9001380566274133,0.1266128103989877,1.134287284485064,9.99999917364611,99.99998347292289,,
478.0,-12.637786794438094,-0.918765676554754,0.14433285893059772,1.1190551630355086,5.5103891785274985,30.364388898832956,,
479.0,-8.434616692206014,-0.9050697063131219,0.11901667456198728,1.1256299871623883,8.909982074914945,79.38778057530563,,
480.0,-6.857362898502623,-0.9383563352629543,0.12326503198198827,1.0861997298528545,6.2078729998349695,38.53768718208002,,
481.0,-8.084408632117153,-0.9275191163938109,0.14133063131161688,1.1028213293365858,4.733073391528673,22.40198372959673,,
482.0,-6.088236908595865,-0.91948073268646,0.12414359223416731,1.109140784243476,6.149863443122275,37.82082036905176,,
483.0,-13.564493847663034,-0.9068163854481655,0.13082416098791624,1.1308308423184035,7.526256817549811,56.64454168371501,,
484.0,-7.492654393328613,-0.930033971035322,0.12467747328314062,1.09761938954726,9.458257808012046,89.45864076282085,,
485.0,-9.180727650356,-0.9214940698141751,0.1242024384790104,1.1066646503077204,5.959652340556405,35.517456020299434,,
486.0,-8.818536552726766,-0.8916483158280786,0.12399523457795214,1.1450762322423667,6.74152329868262,45.44813638668059,,
487.0,-4.241916819942749,-0.9199120733980019,0.10993498400656646,1.1046643399139278,7.193002171702223,51.7392802421129,,
488.0,-7.703566053915889,-0.8872013425303551,0.1168587506751716,1.1476572442020667,9.99999900410031,99.9999800820072,,
489.0,-7.493798997433412,-0.8969315791359361,0.11586006789312428,1.1342247944786181,6.7431805202031425,45.470483528047126,,
490.0,-8.205291868840572,-0.9198989771947248,0.13187840108048243,1.1117107534613204,3.885532257059185,15.097360920647446,,
491.0,-5.2506345474110745,-0.9426997098170502,0.10539601943862538,1.0742996267548852,7.139767634027781,50.976281867910664,,
492.0,-13.837954236341298,-0.9250778180739825,0.15791269257552804,1.1152727969700424,9.999999258312338,99.99998516624731,,
493.0,-5.292465142828618,-0.9254474313006165,0.15341562866141903,1.1098718224264033,6.7452225584107115,45.49802736249274,,
494.0,-8.30607504843009,-0.8964191556094709,0.1462309216825515,1.1455244496272616,8.786184522167344,77.197038457573,,
495.0,-11.852816175803078,-0.9111463329587165,0.1435537783675028,1.1325342998081325,9.999999012397469,99.99998024795036,,
496.0,-6.563817582624409,-0.9164232045980303,0.16194271702502136,1.1257147767570213,9.999999376313324,99.99998752626686,,
497.0,-11.862576032172685,-0.8663613570307324,0.1651527810072051,1.1961396194923566,9.999999245872916,99.99998491745887,,
498.0,-10.177884398493884,-0.8993679867137108,0.15038463140080097,1.1462798947116448,9.99999922846615,99.9999845693236,,
499.0,-8.901787394779873,-0.9097269236409949,0.13367201739916307,1.1238194363233478,9.999999460252843,99.99998920505713,,
500.0,-7.480508499569607,-0.9063788429512114,0.13393202466014228,1.1289043969545638,9.999999246828366,99.99998493656791,-0.9019183132838707,1.1295413423649696
