iteration,loss,value_loss,train_avg_utility,train_std_utility,train_avg_wealth,gradient_norm,gradient_sq_norm,eval_avg_utility,eval_avg_wealth
1.0,-305.78749250093307,1.3585257956524073,-1.0238721700979578,0.2631007920305589,1.0361731548194053,9.999999459496292,99.99998918992614,,
2.0,-264.646632669458,1.015791891507901,-1.0054620026454282,0.2228755928609115,1.0487008976551229,9.999999306237749,99.99998612475545,,
3.0,-197.88650666765494,0.6474525174545199,-0.9651821215492309,0.21062819014610604,1.0912780351716638,9.409520420702444,88.53907454761631,,
4.0,-159.12317784145228,0.5046655379022846,-0.9818371980235847,0.23369065983486562,1.077519576484103,8.584398063825425,73.6918901182097,,
5.0,-113.91659983271228,0.33638609189654417,-0.9851511451507269,0.2110897953743191,1.0645991684743503,5.5478683414527366,30.77884313409354,,
6.0,-77.34627122024426,0.27623603275466235,-1.0099699734368268,0.28178681092255853,1.0479026942376817,7.204906182367555,51.91067309671821,,
7.0,-17.461221909167524,0.14563141519521605,-0.9664676568132126,0.2063672275670227,1.0832020327859575,6.032238214720486,36.3878978791342,,
8.0,18.484914626867532,0.13361338396770273,-0.9629892262896239,0.20170902382279765,1.0807602310999882,5.735677241241001,32.89799341568998,,
9.0,54.03532194817635,0.1525834882493531,-0.9452034483881785,0.20330673353701867,1.0967495626630903,7.921624353581029,62.752132399248055,,
10.0,69.77494458898197,0.17174207596437893,-0.9445066349891804,0.17929622858460362,1.1004706921271024,7.553034097252617,57.048324074260655,,
11.0,64.66254715284411,0.1893290011083863,-0.9925525399424088,0.20288154081874862,1.0468616910594353,7.4914166832365385,56.12132392187473,,
12.0,79.44997218237278,0.22280324239078994,-0.9579847253682703,0.1938122204127981,1.0886170292848565,6.11837544024245,37.434518027761996,,
13.0,81.8162931446343,0.22405761369977015,-0.9419095557523919,0.1877080823539932,1.1095610037937091,7.7312051903163095,59.771533694773844,,
14.0,61.72722906970495,0.18661072930280714,-0.9544065181666915,0.1632807778654159,1.07912023303507,6.164195287088476,37.99730353736378,,
15.0,62.92577874150107,0.17910898481272156,-0.9470175702432606,0.1724020776868803,1.0935667084619545,6.076491097297444,36.923744055535096,,
16.0,62.03028380078406,0.1574015800859139,-0.9165506170260536,0.16835148962432786,1.1319983398541227,5.911023733059405,34.940201572791544,,
17.0,23.343472033756946,0.12289652340988333,-0.9605653394389349,0.2140056171805866,1.0991081059726502,4.660921843761071,21.724192433649105,,
18.0,11.162524899246076,0.12256522430094333,-0.9233912716941336,0.20945854071052775,1.1399234059304868,4.123187738220969,17.000677124615752,,
19.0,-21.448381589731675,0.10281838739458893,-0.9881427072294859,0.21556887484689924,1.055719095776829,4.6919325415195665,22.01423097417026,,
20.0,-30.446235656764475,0.5611538869446341,-1.0070632095674115,0.7177807691983197,1.1311725445095708,9.999999158866906,99.99998317733885,,
21.0,-28.76675249055245,0.06775600566357529,-0.9252128428589977,0.19078059468384737,1.1242351003053348,3.166404296853499,10.026116171132301,,
22.0,-51.6504566732595,0.17450235412705165,-0.9654628448210115,0.3426396405344766,1.1119156847403575,7.627617918460661,58.18055511002215,,
23.0,-49.09536877076556,0.08998498702888096,-0.9369335517700512,0.17635314322459528,1.1082099118457238,3.7292670690931713,13.90743287262277,,
24.0,-50.500113662852264,0.09637271519147844,-0.9350280068155072,0.20299309988047431,1.1228550274064393,4.494457033006514,20.20014402154171,,
25.0,-59.85411320577227,0.14010479370724152,-0.9545743055032532,0.2299873170593234,1.1074981090171079,6.808845038662745,46.36037076052227,-0.9161581633883451,1.109847856272508
26.0,-46.386446050659444,0.10276250391200786,-0.9101942677338879,0.1920060142722069,1.154494869114481,6.027761654445959,36.33391056280908,,
27.0,-54.935357596033775,0.1118262014505983,-0.9311050240861569,0.18918378101018898,1.116932474690127,5.1613459682444764,26.63949220391351,,
28.0,-44.696043798181044,0.09168327443524397,-0.9124820552531518,0.20623428617638603,1.1621572334638925,4.663112375440626,21.74461702598752,,
29.0,-42.636097080000724,0.09366817371423629,-0.9343642242047064,0.1886236294759763,1.1182852047890584,3.710323618974067,13.766501357516818,,
30.0,-41.11528827900658,0.11162732092989752,-0.9686259502409067,0.22991229951652098,1.104175658619039,4.9931156292446826,24.931203687007525,,
31.0,-14.386599448464345,0.09273667961623583,-0.9143877814836112,0.23631446916907817,1.162738702909956,5.049969501656266,25.50219196765843,,
32.0,-2.6326752615595987,0.08536257890357841,-0.901939240629746,0.2076449382334119,1.1726138753166342,3.967549958437389,15.741452672696528,,
33.0,-5.937209136731559,0.07277123568566642,-0.9287083095443147,0.2254870167946515,1.1333517856990318,5.084106967463031,25.848143656606137,,
34.0,9.786960115332233,0.0802498278617349,-0.8952183412969704,0.2149678508008466,1.1851229593184094,4.170197642600034,17.390548378346875,,
35.0,7.756260847631715,0.06738254652266966,-0.9225200565288254,0.18429995027978968,1.1287324097059759,5.415057524526626,29.322847993932427,,
36.0,14.124219277164002,0.04536145560879579,-0.9082573487975736,0.15553813651975545,1.135927056403931,3.610527771647763,13.03591078983976,,
37.0,6.527684903819142,0.09121318407378551,-0.9327629799750954,0.22964540742933975,1.133061541124019,4.8967033892250456,23.97770408204805,,
38.0,11.830846008356218,0.06259641280083632,-0.8982228740934848,0.18184492152534018,1.1582463745349603,3.905756216313262,15.254931621269689,,
39.0,14.839595828750326,0.0634624715219718,-0.8762018265842947,0.1782738377772149,1.1904744163918002,5.150418279662226,26.526808455478808,,
40.0,13.774387820651842,0.05760401109223325,-0.8842979518220482,0.1631143673587648,1.1719239117874,3.3970967525774522,11.54026634637227,,
41.0,-8.080972015210262,0.08238464047777141,-0.9437886721551425,0.22011341222602326,1.1185670032555386,4.1209785807502,16.982464463001936,,
42.0,-6.1231568004112145,0.06271360653436632,-0.9093264825755514,0.19316938245526832,1.1556750858460112,4.284288445663035,18.35512748564178,,
43.0,-19.999559607611637,0.08469907632812021,-0.9557266917101923,0.22826411141301936,1.1046865663678007,4.993868608711327,24.938723681072403,,
44.0,-12.674521797168788,0.05567195757189114,-0.9165371226549408,0.1856214316667437,1.1352329701947788,3.8746866759321072,15.013196836645802,,
45.0,-16.197753565042717,0.08287245284117302,-0.9198885629591695,0.21463221757216014,1.1506591826368,3.634087849092195,13.206594494919534,,
46.0,-13.071590112184564,0.09065698536037164,-0.9178198012239926,0.2464896031984676,1.1586388971487263,5.10951721014846,26.1071661208033,,
47.0,-9.288398054575064,0.07844905086923859,-0.9014592182630431,0.21859259848276413,1.1740092750341755,4.537822547699005,20.591833474405487,,
48.0,-11.176753731635221,0.07823487469201612,-0.8911990174475022,0.21944921612081014,1.190742466096125,5.927652242162137,35.1370611040098,,
49.0,-27.803325272044862,0.06705841000187136,-0.9644520051024909,0.19383046363671727,1.0825627879962965,4.784578412585505,22.892190586179233,,
50.0,-6.250874761348227,0.05850520523430914,-0.8876172437407055,0.20293610923564523,1.1872943650993708,3.629781660671757,13.175314904149015,-0.8738665645001903,1.1881970997980738
51.0,-1.0746343335215047,0.07317292900105271,-0.8584879886286022,0.22200441472194282,1.244430325602924,3.7775910336932284,14.270194017839472,,
52.0,-11.056095003680774,0.07193206386564718,-0.8955699289523414,0.22044593249141395,1.1850838641124282,5.170767705574791,26.736838665015192,,
53.0,-32.859944605258974,0.0854967694115251,-0.9653234428828953,0.2264636118545898,1.0884063416050962,5.335469406181437,28.467233784298095,,
54.0,3.8452844292851927,0.04211741141761515,-0.8550954921275187,0.1593495951060004,1.212108769917033,3.4491451445005685,11.896602227831849,,
55.0,-9.005584577027122,0.05883943176614476,-0.89630125522008,0.20446818369190262,1.1680525803397261,4.204951773892941,17.68161942076539,,
56.0,-9.171837264259487,0.05709054622326934,-0.8942078904982711,0.19456622240660246,1.172476830640191,3.2144100923827033,10.33243224201178,,
57.0,-15.02919883086847,0.0896756822838986,-0.9283906577442675,0.25577480794655794,1.15119716161919,4.544470955496578,20.652216265351985,,
58.0,-8.301281723076567,0.0643177516780205,-0.9053938038096557,0.2083575735628367,1.1579819505078177,4.136075152316919,17.107117665613426,,
59.0,-7.33388319893552,0.07005448757766808,-0.8991566929287516,0.21668233038025533,1.1792171540003125,4.116097904637422,16.94226196056057,,
60.0,-8.575612912676693,0.0628099242011773,-0.9040338305461948,0.203249420204037,1.161921977516243,3.1355467003394724,9.831653110009752,,
61.0,1.3411212346717358,0.04589851001439583,-0.8770195756261232,0.17483209945249228,1.1872880681261007,4.309108527725244,18.56841630371442,,
62.0,-18.97553480172373,0.08608192517884784,-0.9674178327922399,0.23786297182094063,1.0975101114541836,4.561362157521643,20.806024732070494,,
63.0,-8.522751977422,0.07027477062968876,-0.9182322975678128,0.21279619240081704,1.1454133334415275,4.436637608706126,19.683753270985612,,
64.0,-6.733064583906414,0.07033159489003225,-0.9074335042060494,0.21747376219810216,1.1747049228662236,4.667566121008892,21.786173493989992,,
65.0,9.984156113280365,0.06246020846555888,-0.8517047571451237,0.1947021199948648,1.2349142661729515,3.7440707396679604,14.018065703637788,,
66.0,1.6332889172679776,0.04112563755283458,-0.860075034121291,0.15440019068807284,1.2039438569063614,2.711389595451475,7.3516335383225115,,
67.0,-3.803504967922036,0.04730279464071538,-0.8737047697570262,0.17548180038752262,1.1876291825588532,2.721602853363459,7.40712209143612,,
68.0,-6.361073774103208,0.0594792556739743,-0.875697232783466,0.1978233363059056,1.2062476576537136,4.048386075527904,16.38942981652822,,
69.0,-15.164397683621434,0.07827340148066965,-0.9067826964072079,0.23969969082934187,1.1790949859658693,5.439002713067345,29.58275051275394,,
70.0,-14.867747299271775,0.05587897905080316,-0.9016832721907321,0.18821133107799212,1.1596803473998318,3.5620665452444404,12.688318072749665,,
71.0,-8.763825792882486,0.06828705269146934,-0.8720656551610464,0.210877164422601,1.219012635444927,3.5523033575086367,12.618859143767132,,
72.0,-13.505664389533647,0.04957728352898735,-0.8924138218759543,0.18169038369203833,1.1715043920185146,3.484549654938339,12.142086297730897,,
73.0,-13.075867296961448,0.07541528838419626,-0.8848461420121304,0.21490134480293258,1.201710749114933,3.4171473987129937,11.67689634453098,,
74.0,-17.923063612602938,0.06372042973614497,-0.8987835082537464,0.21491849740875849,1.1799070932349167,3.6363938854201407,13.223360489920989,,
75.0,-16.11533370867373,0.07260462367393015,-0.9067129887321868,0.2214347020721352,1.166092585058835,4.988586204141897,24.88599231615486,-0.8195187581277719,1.2921926396160082
76.0,-5.296337474220708,0.06508547708726832,-0.8657783314539376,0.20811710531014674,1.2308311444489055,4.797647228141361,23.017418925692485,,
77.0,0.8116326875059592,0.058945688856610313,-0.8361456178331721,0.20790199419638777,1.271583700469855,3.8467334197824115,14.797358002870887,,
78.0,-10.945259845642632,0.05388531390486602,-0.895024862348851,0.1961504317457138,1.1782291320579459,3.7928501743673495,14.385712445198434,,
79.0,-1.4357992583217456,0.048775059549852645,-0.8546209278969062,0.1866740508049025,1.228741808669517,4.555323517974126,20.750972353408173,,
80.0,-10.855435378464403,0.07242097764932266,-0.8905051943744973,0.22646315175187456,1.1941589337096024,4.712280048990169,22.20558326011079,,
81.0,-7.46750288249991,0.08357642124108587,-0.8540042939964914,0.24190835781553208,1.262773099827285,6.170825756207198,38.079090513470135,,
82.0,-14.79717957783313,0.05979962212647713,-0.8898211417026707,0.20619822629254522,1.1887941911369608,4.189411480544034,17.551168553314156,,
83.0,-14.939369419281274,0.064283535077749,-0.8912584792549336,0.22259939289180697,1.1954086298901232,3.756010213239466,14.107612721959178,,
84.0,-9.117741158467323,0.07958529702107867,-0.8484794272245584,0.23393378803175238,1.272156736518452,5.0443858818112846,25.44582892461701,,
85.0,-16.96695531691271,0.062400139815328354,-0.9002530325950351,0.20609982470169602,1.1760792387595482,5.475347416927243,29.979429336051837,,
86.0,-10.029113400112964,0.08218286037660202,-0.8656006321598535,0.24425120309035084,1.2538796048617695,4.935869776810785,24.36281045363415,,
87.0,-10.324392719043848,0.08014497925341552,-0.871356939838007,0.24875991141940795,1.2307308513208088,4.0106846246278,16.08559115822583,,
88.0,-0.5953950639416399,0.05754077210056413,-0.817072671132075,0.202531513472662,1.3032687471196098,4.051979985562556,16.41854180339953,,
89.0,-11.996872924498017,0.06009153395970305,-0.8621883454992192,0.21405112219889544,1.2354255840288266,4.30944702200091,18.57133363543251,,
90.0,-11.744101611093807,0.04587227080429567,-0.8675533379488727,0.17572269819011244,1.1977190466993868,3.9460268215584464,15.571127676458657,,
91.0,-13.752874190444476,0.06764632849515598,-0.8709114942000872,0.2141408798756508,1.2228028289321613,4.975002801110205,24.750652871054385,,
92.0,-16.729157858431456,0.08635160044578916,-0.8730039718784159,0.25304374496851817,1.2514650039018194,4.048499870147107,16.390351198581143,,
93.0,-18.666685795537163,0.0767905571031709,-0.9071065725703229,0.24166051882793163,1.1802548636986099,5.761667131471418,33.19680813387807,,
94.0,-16.83923379127002,0.10704623356354868,-0.9015053710476608,0.2874528350707537,1.2365299104701593,4.800068527672711,23.040657870354075,,
95.0,2.5253226846604675,0.054509169862094566,-0.8406406819459766,0.1927878697546078,1.2579125339974326,5.999825510811363,35.997906160182836,,
96.0,-3.2533329410532663,0.05714380105316677,-0.8513588132978329,0.19387305770046304,1.2347154460036949,5.650102125247745,31.923654025729086,,
97.0,-8.840075906301392,0.09212683427695818,-0.8776641451295005,0.2624058473122332,1.239766920775844,6.160249864498262,37.94867839305085,,
98.0,-4.639784008839173,0.07564524834752132,-0.8358812422531519,0.22398694190992552,1.3036725490590497,5.479454807175263,30.0244249838761,,
99.0,-6.822136007762427,0.07662691934571411,-0.8502846580099468,0.235733071410436,1.2715440276659848,4.460717946743843,19.898004600402604,,
100.0,-22.74946151642868,0.09122934709178834,-0.9132113081671422,0.26061057825223255,1.1977688339446624,3.8404257531393466,14.748869965375917,-0.8153569358114973,1.3446670865724013
101.0,-1.8995428575259132,0.06748463049708846,-0.8253897600130395,0.22647136956012315,1.2981698892768032,4.504166768492458,20.287518278391786,,
102.0,-9.078381633312485,0.05508051407357522,-0.8677827143493919,0.20947288718098916,1.2200254047129784,4.522776631779611,20.455508460971725,,
103.0,-8.884171397460772,0.05550028274432659,-0.8704610253197866,0.20542283558011282,1.214004889715191,4.5189260718007525,20.420692842400577,,
104.0,-9.552852897280713,0.05631785520338317,-0.8483017735222179,0.2213412930286798,1.274263173312679,4.771584356131681,22.76801726768059,,
105.0,-13.892752320767174,0.050537809190318965,-0.8869876545133082,0.18314900514906732,1.1746503411474936,3.963764776701331,15.711431205018155,,
106.0,-8.684717763486733,0.05003659382597396,-0.8571482900762661,0.20958471962479233,1.2406752199893851,3.4047853448681686,11.592563244629055,,
107.0,-3.735787781197448,0.061409038490944014,-0.8173877092809287,0.21211852550957427,1.3138409329116023,4.699609698258271,22.0863313159632,,
108.0,-9.012585516240412,0.05577555929840785,-0.8583981251806105,0.212047230807808,1.2414852372886223,4.290912201289035,18.41192751917111,,
109.0,-16.539875373541346,0.07708647882777331,-0.8997618533118777,0.25259337619894684,1.20534021810042,5.6653695247715845,32.09641185221061,,
110.0,-8.590368382210865,0.09327148004601821,-0.8764100544970529,0.27976417439940743,1.2410344423254627,4.4691709843210505,19.973489287097184,,
111.0,-11.016826849115672,0.05526969301217648,-0.8870467547192898,0.20474639523799523,1.1893478283410377,3.9132681091870904,15.313667294380707,,
112.0,-10.211946791856164,0.05938784443171228,-0.8902330151102424,0.2231612967107704,1.1947502187896295,4.87419719220837,23.757798268531957,,
113.0,-12.226795410737754,0.062323182155395083,-0.908209807820236,0.21430589982445417,1.1634893329906033,3.2495688112774186,10.559697459226935,,
114.0,-2.1608142817972698,0.07226552284542075,-0.8533941596631219,0.23217417091173842,1.2554297617901826,4.480885174995854,20.078331951497624,,
115.0,4.04245025466661,0.07402463197587653,-0.8268377234552216,0.23571446758471393,1.333223307943872,6.4208274019967115,41.227024526231844,,
116.0,-8.866682788098549,0.08937783056222944,-0.8805445089789883,0.2826549942949412,1.2579607866550422,5.461394157498889,29.826826143562997,,
117.0,-1.1011047458169703,0.040491588848087574,-0.8399227194189172,0.1688706326228849,1.2376800022375574,2.9193146580003493,8.522398072415696,,
118.0,-10.481888238231978,0.08443856335023575,-0.8456057227468636,0.26168852673239407,1.2825418469641912,4.93597808407994,24.36387964651747,,
119.0,-13.389778032206403,0.08933516290609476,-0.8355267728842958,0.2716955977020166,1.319361160281469,5.045028121152135,25.452308743215838,,
120.0,-15.166118839041228,0.07402416223855862,-0.8529928319257993,0.24803212367667715,1.2648626175013358,4.653251780089976,21.652752128910528,,
121.0,-21.72712916989632,0.08408472392868091,-0.8899601085423499,0.24335804536713354,1.2051381622926183,4.107062832893502,16.867965113335195,,
122.0,-6.169608251427553,0.061836361800201356,-0.8101555442297914,0.2155069206672534,1.3185990950386102,4.805977936540301,23.09742392651217,,
123.0,-13.877408183251774,0.06753912490715665,-0.8641648181459852,0.2213341382144403,1.2333603893214407,5.0210667644421205,25.21111145298526,,
124.0,-10.206682256112176,0.05508618735532847,-0.8521147794540899,0.20042392362195946,1.258551264389445,4.519471512449589,20.425622751843374,,
125.0,-14.63431947470162,0.07075766959319346,-0.8628557217415173,0.2443105367845438,1.2436760476232496,5.21501912906056,27.196424516467562,-0.8221058052840289,1.336524654121512
126.0,-3.892462861111123,0.05267739048481619,-0.8317505526483554,0.2314465738821043,1.2974969380074952,4.190878238537812,17.563460410249796,,
127.0,-8.413980904433966,0.07014773009771996,-0.8536230582008237,0.24805543109831105,1.278069563519603,5.089898351878295,25.907065232453384,,
128.0,-0.6256744454084843,0.040232397568616386,-0.8149784370028959,0.1864442317342779,1.2928242542984703,4.778769323801196,22.83663625010334,,
129.0,-12.177118561763997,0.05425106988375814,-0.900738241136305,0.20451472655877334,1.1665585278939306,2.8636236210511643,8.200340243042183,,
130.0,-6.44842904116744,0.0724036696210938,-0.8658136554320867,0.2428618924409528,1.2455744307490895,5.3879938058509085,29.03047725188776,,
131.0,1.9639585224607172,0.05890551031348986,-0.7739925482511025,0.2116410464510873,1.405751570462837,4.574370974360653,20.92486981107323,,
132.0,-5.9463929908530115,0.061861426550240975,-0.833404943491421,0.2270666439837696,1.2877044321092912,4.797543016246852,23.016418992738938,,
133.0,-15.306334774740792,0.08942010028295516,-0.8985840163175731,0.26471593933379034,1.2197655216151326,4.412063321505592,19.466302752974954,,
134.0,-12.741829438636362,0.0622698436683978,-0.8772636942706853,0.2281195052066411,1.224769639540971,4.586494793452944,21.035934490370963,,
135.0,-8.20153185249558,0.056446768776582855,-0.833664530490868,0.22928943320589001,1.3008472533815079,4.191351731280824,17.567429335310763,,
136.0,-11.292378387052441,0.08508725704623277,-0.8511226426527818,0.2770879080670995,1.305705784213654,5.056026447039898,25.563403433166894,,
137.0,-13.670469475867478,0.0644773171772057,-0.8814534807959616,0.22842358501101337,1.219243256917359,3.9638442632292255,15.71206134313524,,
138.0,-8.29582733430215,0.0656092098923994,-0.8494255680261509,0.24574464686630176,1.2945484630678314,4.473159220955099,20.009153416015632,,
139.0,-5.681542357593826,0.04673045692161308,-0.8327207896601485,0.207497170556059,1.2869077978976482,4.018080760128036,16.1449729949111,,
140.0,-7.850067787747139,0.05424023097135775,-0.8428984503896204,0.23497084690098466,1.2778867194000465,4.870019289208039,23.717087877258372,,
141.0,-12.88920244863905,0.08321186210123663,-0.8844637571658045,0.2754844173319114,1.2459013020131335,4.20929592878942,17.71817221612318,,
142.0,-7.750336299129689,0.05614635973250273,-0.8464757187151773,0.20080866389719387,1.246198818727465,6.089565838761115,37.08281210460636,,
143.0,-5.888300070211846,0.053159334458652514,-0.835513292564468,0.22107485146516234,1.2835007761375437,5.0379721009049705,25.38116288949684,,
144.0,-11.250512586358612,0.06221411377849339,-0.8986764551379463,0.22453959809998408,1.1808904053575469,4.047666252655011,16.383602092882263,,
145.0,-6.7945144852470705,0.058751438814821345,-0.8732926307343672,0.23768505778744523,1.2308769214011768,4.774613063632096,22.796929907406266,,
146.0,-0.8932778742579255,0.05218889676144645,-0.8271316376537577,0.2284482351288994,1.3123764772737083,4.056187715912534,16.452658786719738,,
147.0,-1.683384457106968,0.04075337406039421,-0.8395445833751995,0.19134441289053494,1.2516927294866877,2.9845583378723757,8.907588472163518,,
148.0,-7.104775963067805,0.060531912948507884,-0.8632954020748043,0.23748134034037396,1.2430888920119854,3.8946190889238097,15.168057847809724,,
149.0,-12.606629336652151,0.08028006384160095,-0.87363659262054,0.26464007116308175,1.2692321295399924,5.015143133880189,25.1516606533056,,
150.0,-9.988677811547394,0.05889172636974171,-0.8359062244762796,0.2386842237726688,1.3087954762871634,5.415892096645222,29.33188720250418,-0.8420004263527554,1.2465136968442434
151.0,-9.60416433380536,0.0612563365965329,-0.843216989716275,0.2494491363205461,1.330559552542708,5.100949415197805,26.019684936406826,,
152.0,-12.857994344942949,0.05258964273263004,-0.8748788784502515,0.20760003808628813,1.216578960850593,3.1374241422861364,9.8434302485999,,
153.0,-14.406849571047156,0.09345986071238548,-0.8869391555986819,0.2953989955355691,1.2474457967454753,5.124229717965756,26.25773020248341,,
154.0,-7.578878531980193,0.04735377367334575,-0.837940438276114,0.21782652755511234,1.283361047218821,3.658451354837015,13.384266315708789,,
155.0,-3.9812468214566223,0.045484113047443514,-0.8226851953264546,0.22399064419398576,1.320908427242582,4.104699782416696,16.84856030377167,,
156.0,-0.667034933888732,0.042406240817641064,-0.8302779154026109,0.19673418500689555,1.2760186660269315,3.5416626578945984,12.543374382325032,,
157.0,-10.052367145743686,0.0680884525864319,-0.8551514259493909,0.24374976817805064,1.2793404465285068,4.623643053793806,21.378075088895713,,
158.0,-6.773213377300182,0.05271477377223955,-0.8297598865804932,0.23184036038560252,1.3138286302852706,4.4109214651251945,19.45622817150219,,
159.0,-12.27915886278985,0.052550096993662934,-0.8804149377998269,0.2176140709027688,1.2178921218675338,4.901691551755492,24.02658006855117,,
160.0,-12.01358301974416,0.06735913221470308,-0.8684488648181823,0.25303014192819406,1.2529500425905646,4.588762118935766,21.056737784179862,,
161.0,-5.987726513087495,0.05736193945871424,-0.8511085073022073,0.23515268922537053,1.2649246401618337,4.142609565968462,17.161214016053403,,
162.0,-4.845544608591364,0.04069558362452476,-0.8683064945899399,0.20580354017843852,1.2262958380572515,5.142645428505981,26.44680200333346,,
163.0,-6.7758880845609575,0.049859256449158514,-0.8622052038926635,0.2416121449653974,1.2707250571012154,4.516380791349798,20.397695452473425,,
164.0,-3.544362203406062,0.04772886969292336,-0.8485048112066821,0.2077537980571406,1.257662419546702,3.988611809956175,15.909024170521876,,
165.0,-2.592239737299018,0.047245460214505056,-0.7906851599161386,0.21157910801952634,1.3603044142236467,6.233796843990749,38.86022309214903,,
166.0,-4.435494300186473,0.058818066601249115,-0.8138088834837733,0.23219214674897679,1.3253713273065482,4.084709565731295,16.68485223637674,,
167.0,-7.847451339527908,0.03989529413337401,-0.8292998967911454,0.19870464850420452,1.2919274613126628,3.8564830933142678,14.872461849018784,,
168.0,-10.920773217340326,0.06637459041043528,-0.8261894001105792,0.25685294164124944,1.3206244356452308,5.156554288991214,26.59005213531368,,
169.0,-9.568389749635706,0.03816223966867075,-0.8124341446620159,0.20458090414936692,1.3189180558082036,3.667471584787252,13.450347825221918,,
170.0,-10.050394051202764,0.0530903592617037,-0.8836791008673281,0.2202755579839427,1.2096733471795822,4.09953805004734,16.80621222378595,,
171.0,-3.9754146373389103,0.04524553416512092,-0.7969374541599819,0.21570591390451094,1.3556717005165324,4.202655956497444,17.662317088683444,,
172.0,-9.688631488184416,0.05655605907491684,-0.8712099324250304,0.23521000931186586,1.2394621592650548,4.637916871654818,21.510272908380415,,
173.0,-10.679701313809971,0.05397617285129907,-0.8541300992734191,0.25335197881650917,1.3079636402985986,4.45999335120554,19.891540692797626,,
174.0,-2.9389699177215296,0.03692301520038595,-0.8363924107740328,0.20485882228694793,1.2674457472943477,3.673858410957154,13.497235623760627,,
175.0,-11.136743658763354,0.07879595967166172,-0.8439918776521997,0.28660319375680854,1.3174391822592768,4.267882793490345,18.21482353897095,-0.8146134765385193,1.3467597787000163
176.0,-1.1540487926934087,0.03751231035396166,-0.8102167451352047,0.17858283577779127,1.2984612214066864,3.3923508767640724,11.50804447108197,,
177.0,-7.003646944085585,0.04826113434385736,-0.8602550228244709,0.22641069214858336,1.2555799480814704,3.573694954099664,12.7712956249574,,
178.0,-7.362793649225895,0.06898834680771695,-0.8182072333077167,0.26424764512511423,1.350154513380117,5.2954681824875065,28.041983271737536,,
179.0,-11.225328891327395,0.08079917419741654,-0.8448083904766477,0.2777892696570098,1.3215065878526895,5.921108533767865,35.05952626865863,,
180.0,-9.987593876110576,0.05698843599018666,-0.8360162837670343,0.24454867891776158,1.3004804455085528,4.674807674854023,21.853826796874078,,
181.0,-11.027495513484563,0.06033272505911465,-0.8595758249339948,0.24687204607981472,1.2481028761049995,4.065310406398552,16.526748700372366,,
182.0,-4.481877770399481,0.044610976565868564,-0.8273900482770675,0.20745130301224118,1.2784958925020187,3.0396592466531103,9.239528335763753,,
183.0,-7.377299126327117,0.046530631183665176,-0.833458984265298,0.22995122406348648,1.2978564152612109,4.458255312124452,19.876040428085894,,
184.0,-9.678052868500458,0.05525362602009796,-0.8296976840655563,0.27148697435699287,1.3585475661713207,4.509779103727746,20.33810756441944,,
185.0,-3.1910809844809713,0.04185570612234377,-0.7902837678932964,0.20983275364969756,1.3508063517518902,4.415495837083209,19.496603487299147,,
186.0,-3.9752113937052953,0.037470897123538155,-0.8389318781638415,0.20476421675373874,1.2652845198612404,3.6473233203817013,13.3029674034002,,
187.0,-4.517566261912388,0.04175485986666163,-0.8381754721981854,0.20642019246471355,1.2644898705353478,3.2363963296689504,10.474261202694654,,
188.0,-0.8571861049556118,0.03414876673970736,-0.812839729577609,0.18349832523957926,1.3006539526630572,3.9580951814988277,15.666517465804239,,
189.0,-6.7505243986910255,0.05021137240756648,-0.8815395659633274,0.23003191714309423,1.2273810290148188,4.489221096772311,20.153106055705585,,
190.0,-3.0052118291038035,0.029886516375483188,-0.8211611267391195,0.18142073455818225,1.2773205132756873,3.785942113898942,14.33335768979359,,
191.0,-9.714134496605691,0.06381464255890962,-0.9011210921137875,0.25872533860616886,1.225271347535358,4.438872346507381,19.703587708587943,,
192.0,-6.596294359297653,0.0517677768871279,-0.8282956806200666,0.24439791254057308,1.3281467159765206,4.89876195387187,23.99786868070254,,
193.0,-5.755877035713455,0.051541357219391494,-0.8875015170285439,0.2348226189079132,1.207954293044998,6.575628380754195,43.23888860178004,,
194.0,-7.5274933914525155,0.04883949386714846,-0.8777713147292954,0.22734861984983537,1.2229900082634368,3.825514661467483,14.634562425102672,,
195.0,-5.794717201117731,0.06018577838464159,-0.8110237748060141,0.24780773294022995,1.3142916048693705,6.142855349161525,37.73467184072236,,
196.0,-6.783565671763995,0.03184618015296423,-0.8669118679437824,0.20966711499712798,1.2324683568866583,3.3569846088263118,11.269345663896747,,
197.0,-3.6445886856553362,0.03559247872691374,-0.880702228953938,0.19987379233703617,1.194781309896171,4.255603710153765,18.110162937874488,,
198.0,-4.428336885908749,0.04181106867655665,-0.8419321520271238,0.2223115228999051,1.2933290006236526,4.211409611096724,17.73597091243786,,
199.0,-4.610763766244116,0.022672630570682938,-0.858196143857108,0.17702066444734368,1.2202962992056496,4.958363894296469,24.58537250826285,,
200.0,-3.4610557073740136,0.033944381553856075,-0.8618001276499521,0.20232873090257383,1.2385614689724918,3.932761248827754,15.466611040281236,-0.852173621189921,1.2278389098917948
201.0,-2.1936824823516234,0.021441462597627328,-0.8532473106653835,0.15912300881979963,1.2340793373183732,3.4582410669069232,11.959431276841535,,
202.0,-2.4527288662437448,0.024309054945116117,-0.8828925493306177,0.1556274345960946,1.171196029551126,2.656075765099086,7.054738469946694,,
203.0,-3.3031458354195986,0.024228850859479137,-0.8575857685144301,0.17072869712612151,1.2285175695636688,3.634539960524676,13.209880724650713,,
204.0,-0.9436442213929356,0.021773604523295,-0.8730190279949066,0.15973327870005705,1.1870338208444866,3.016401961544878,9.098680793611788,,
205.0,-0.9809457762035657,0.01793922744459861,-0.8974026928232863,0.14373138704411353,1.145651432127849,2.257828294569579,5.097788607758973,,
206.0,-5.428207457687275,0.02899129028528823,-0.8886501488630036,0.18209198579480057,1.1763732408206726,4.098768767497664,16.799905409414322,,
207.0,-3.207103686073519,0.020543348639565508,-0.8740292175569353,0.152708774589165,1.1820713337329374,3.453317310427713,11.925400446499694,,
208.0,0.05834870376498538,0.018137894208350044,-0.8690464357360068,0.13554101270009633,1.1820246062214328,2.444921673428895,5.977641989202349,,
209.0,-0.9272664489577653,0.01920070863678488,-0.8858396429413715,0.14698998105857222,1.1597862225868008,3.31375738284112,10.980987992334029,,
210.0,-0.9216635068986655,0.018503743767885095,-0.8697757642243544,0.16319122397682403,1.209531958043304,3.085276871972657,9.518933376729384,,
211.0,-2.255031992193138,0.026987207088125697,-0.8709156835793461,0.1832932268574042,1.2109968075679722,2.3338778239082214,5.446985696930575,,
212.0,-1.65228811044501,0.027594800850786118,-0.8709708130417787,0.19441196953059886,1.2202978065406513,3.812906391555724,14.538255150766492,,
213.0,-1.8589955900338877,0.021715628364473192,-0.8598182915440181,0.16391156349574468,1.2115019347422633,3.496268000194459,12.22388992918376,,
214.0,-2.7739723990296463,0.023617117041811603,-0.8727850576829055,0.177559724401662,1.2016565084305038,4.789588037399214,22.940153567997655,,
215.0,-2.10823254997097,0.020547639607324773,-0.8797031653013216,0.15360699952300663,1.1752070507710517,4.012197674852265,16.097730182089922,,
216.0,-2.6569920598830654,0.02095293458246713,-0.8757168877902872,0.172168330691728,1.1908977535706347,2.5617742873565166,6.5626874993609885,,
217.0,-2.187931904595172,0.025222989520236955,-0.8887974308404483,0.17595753964827243,1.1774003322019022,3.2542960156620317,10.590442557553775,,
218.0,-1.5119204565740034,0.022659373651625472,-0.8694504668020795,0.1599576237135678,1.1960396088581722,3.9722890854068904,15.77908057804271,,
219.0,-2.469820843194052,0.023146511527545596,-0.873626193113472,0.177988760052808,1.2059339699993423,3.410304170966674,11.630174538512696,,
220.0,-4.686491309123191,0.03394546169394907,-0.9250949343975867,0.2111674314284427,1.1560047261909825,3.7090205663452926,13.756833561572355,,
221.0,1.0580647240388656,0.024659370983152896,-0.898408137912309,0.16974232175104742,1.157967384686782,3.953369190210465,15.62912795410535,,
222.0,2.0196626914041613,0.02290677274331749,-0.8773183662461647,0.15715426015376824,1.1825446755339981,3.5552187630125647,12.63958045287659,,
223.0,0.16741858242657204,0.027352660680037957,-0.8552524759381256,0.1751369636195948,1.2249082498300836,3.1725862117575874,10.065303271034358,,
224.0,-0.9198773509145419,0.027370118876734705,-0.8107782676785792,0.16782059968891816,1.2950796692382456,4.117925592418625,16.95731118469628,,
225.0,-4.513020649710325,0.030724538189393594,-0.9075503085272251,0.1725802322078681,1.1460654792762428,3.830508827686918,14.672797878987408,-0.8719543758134936,1.1875289320062978
226.0,0.3570054917405989,0.024016168865124744,-0.8432260577257096,0.17171121765227268,1.2500186820413393,3.7346050817065324,13.947275116308255,,
227.0,-4.05633215822915,0.03298134759049442,-0.8529173820797561,0.20985835883569956,1.2590163248146475,3.6756445927203485,13.510363171994335,,
228.0,3.3162952682539073,0.03717883824632459,-0.8425011518329873,0.2086034055772563,1.311325034392391,9.999999026749249,99.99998053498591,,
229.0,-4.050454760346871,0.02514233368808376,-0.8881237217920143,0.17634757986299532,1.1782626630677635,4.126069840673153,17.024452330112574,,
230.0,-3.588767396876656,0.03852287838450183,-0.8516468339571892,0.2165878044310972,1.2503859742675907,5.046475972726488,25.466919743305752,,
231.0,-3.31501099950422,0.023086903717647475,-0.8608844109441163,0.16427974421350955,1.2084938378382966,3.1366337363958703,9.838471196296718,,
232.0,-2.292267540915929,0.02396325420925245,-0.8460566370104037,0.16352898189036205,1.2333208385609529,2.417322298124119,5.843447093008072,,
233.0,-5.745699838361708,0.03464778887524969,-0.8578717360198572,0.20268020212752147,1.2502118113058918,4.112547620844353,16.913047933712548,,
234.0,-8.41593514986891,0.05718607583968506,-0.8920808242043398,0.25324877332278367,1.2188552903090701,5.27629869111651,27.8393278778778,,
235.0,-3.47041058655274,0.024489942868040435,-0.8299827889035407,0.16402672692990847,1.2625778497532019,2.9714932392534004,8.829772070928666,,
236.0,-7.137930974100346,0.04088333668092581,-0.8212704420119017,0.23389325519497545,1.3192739998716936,4.14513385099438,17.1821346426595,,
237.0,-3.1596749316292425,0.02910318790490096,-0.8393465573334041,0.18879695243513647,1.2571824198049832,3.1553179376972103,9.956031287953776,,
238.0,-3.5890823541618255,0.02467838470861599,-0.8353793591679064,0.16997448185649047,1.2511476024243262,3.5749227708451583,12.780072817507223,,
239.0,-2.3145048306435205,0.037289244590917134,-0.8237208792276247,0.2231341343305063,1.3176211421923847,3.571428503629214,12.755101556535205,,
240.0,-3.525122734402918,0.022132462496456153,-0.8270882929573331,0.1572620801419717,1.259247850564648,3.471027751715794,12.0480336531812,,
241.0,-2.3766831230730032,0.039478820741885384,-0.8239321701594555,0.22031010635547602,1.3183951127981446,3.879355799595535,15.049401419855513,,
242.0,-1.454403820423813,0.030408112880154867,-0.8702236809419301,0.18086256143600143,1.2028847838784087,4.405011485589387,19.404126188174423,,
243.0,-5.897593053967128,0.02701166429516215,-0.8297538943865714,0.1915036869904074,1.2792414410783843,2.978069143190337,8.868895821622427,,
244.0,-5.743988408500436,0.055842820121253835,-0.8558191695875942,0.2578266358415952,1.2833087131519942,4.290835478823912,18.41126910633403,,
245.0,-5.387662995675806,0.042871357311810056,-0.8371357081248512,0.21160259100190817,1.2725467141177789,4.201978319175435,17.656621794820417,,
246.0,-4.652285246555968,0.03541725397978904,-0.9034572422799172,0.19839984628978027,1.1551868392023987,3.5467479325495272,12.579420897044347,,
247.0,-2.66005341127142,0.035003233079344324,-0.8608477230893086,0.20279103991780084,1.2435973199986226,2.687862552431892,7.224605100765686,,
248.0,-2.4086730479798164,0.033733259434216914,-0.8389692657013581,0.18699368586389664,1.2577084877685634,4.824220721073613,23.273105565636012,,
249.0,-2.292564109604708,0.030476417523364652,-0.8623508477392577,0.19792324636334285,1.239254112206344,3.9395665036041714,15.520184236319995,,
250.0,-3.304305572764422,0.03173800137911563,-0.8671772125227017,0.20719496865075276,1.218481437757536,5.053085016891525,25.53366818793362,-0.8694469124693025,1.197666699276882
251.0,2.3917202674859652,0.041133299968263426,-0.8792808321358218,0.21201030462951,1.2112740364556025,4.355835750566597,18.97330508591407,,
252.0,-0.806707162254264,0.03473887283169594,-0.8331460933622722,0.21204593863688745,1.2942134667915437,3.621692190642784,13.11665432376293,,
253.0,-1.7331751252051584,0.027429641137817824,-0.8716239137354971,0.16851803748753563,1.1894996654124648,3.868004001351187,14.961454954468794,,
254.0,-2.102977848212917,0.032289957686488104,-0.9002292000287426,0.1861794500670027,1.1631318031172113,4.683077245871417,21.931212490798618,,
255.0,-5.496866388228548,0.0338944281938051,-0.8945843680216532,0.2073498877993285,1.201388112906434,3.259087067157196,10.621648511311292,,
256.0,-1.7978235348095608,0.02765857626777768,-0.8764673065408708,0.18894559008036718,1.1971430554106595,3.906937290838608,15.264158994545323,,
257.0,-0.9533604085067934,0.028641467215594896,-0.8324858509603892,0.1678538342402256,1.2531713497673573,3.5628823859107817,12.694130895833304,,
258.0,-1.5454523251370347,0.03653786626151221,-0.8785571203495551,0.20557139007340466,1.1993168652477755,2.8218172176232796,7.9626524096751865,,
259.0,-3.509463452493301,0.03382148637047035,-0.8312043349594493,0.18291356107762666,1.2693164650459001,3.809790268308891,14.514501888501133,,
260.0,-2.19711606050574,0.046766911532980265,-0.8226355119825249,0.23278259236665427,1.3255358086772668,4.605032701577925,21.206326182602083,,
261.0,-0.17701627507817197,0.03680368325477021,-0.8524279735726465,0.21257439751548482,1.2638693084096877,3.792354832303265,14.381955174093926,,
262.0,-5.414183050585546,0.029810813808402864,-0.8260294537847879,0.191556907264097,1.2828665317734176,3.68462135955673,13.576434563301685,,
263.0,-6.241685315048472,0.04231302616549524,-0.8901645529863262,0.20720328976441862,1.1878264704292656,4.235514949725059,17.939586889344465,,
264.0,-3.6549128037745695,0.046122674390489796,-0.8582953934104472,0.20915152126370656,1.2455098023554347,4.015893291919337,16.12739893208273,,
265.0,-4.534304168993394,0.038170901327971046,-0.8327974788430685,0.21031466287479553,1.286889879327299,3.4281090374865126,11.751931572896703,,
266.0,-4.393222041603931,0.02817626198951273,-0.8471381040671802,0.20400296648925728,1.269837535732115,3.7400772584092477,13.988177898870033,,
267.0,-3.389118610823053,0.04290854177603068,-0.8652464454972331,0.2321392545987694,1.2555108223765652,3.2207497286231757,10.37322881442626,,
268.0,2.97610374110838,0.038113235114119445,-0.8371005866585745,0.18796110615274966,1.2556732830400834,4.100005687691262,16.810046639100698,,
269.0,3.741660038557356,0.03963259473566123,-0.8732239412918709,0.2102446855374902,1.212849442779239,4.471208473168315,19.99170521053214,,
270.0,-2.216908297918779,0.03289468209103881,-0.8424341878502681,0.20230043999214511,1.2616761462793802,3.8914200533755516,15.14315003181338,,
271.0,-1.5416850835867024,0.042490067183301644,-0.8109191177440711,0.22724983147984934,1.3425270576542085,2.6330107265811926,6.932745486291619,,
272.0,-4.889159128597478,0.030433448725986145,-0.8444157348845207,0.22188679409989076,1.3119048085591523,3.4184995190761924,11.68613896192416,,
273.0,-7.9845923222851,0.04453777392040768,-0.8420288638933832,0.22777609290981005,1.2729831715759117,3.352145054013095,11.236876463144457,,
274.0,0.12927830802009388,0.02218029737171382,-0.8135328333402603,0.15990463120406023,1.2823147515176814,2.482907966018353,6.164831967717395,,
275.0,-0.3758349168906887,0.03850153548524472,-0.7884190345792266,0.20832198403455393,1.355157339661682,2.789823026360366,7.783112518410511,-0.8309980515634026,1.2948413621467192
276.0,-5.887386345284017,0.04865114549693907,-0.8199262242518708,0.23506453407938144,1.3273561887766026,4.913924223854807,24.146651277787072,,
277.0,-4.353917950272916,0.05040019441976831,-0.8050686456178715,0.2732669386474657,1.38252824853712,3.3385706729174363,11.146054138064384,,
278.0,-0.9101005933889208,0.044701816058473225,-0.8036986160724728,0.23955161841757427,1.3440470680747651,3.660548813736953,13.399617617751012,,
279.0,-1.7636923156448434,0.034985887907067595,-0.8536308062700634,0.20957088911978572,1.2449013847538946,3.256083909239161,10.602082424006179,,
280.0,-9.28869576340066,0.04960764550968064,-0.8357925696444533,0.2563094468607986,1.3234858316870866,5.4963483029815965,30.209844667688678,,
281.0,-7.39912810011134,0.05573441574923333,-0.8570120685719167,0.2593629994548432,1.2993049638489096,3.8815886261064123,15.066730262318664,,
282.0,-7.645198702167336,0.03912458936890905,-0.8279140450796638,0.22423309900084756,1.3193352909767435,3.308677246957385,10.947345124533502,,
283.0,-7.595555837916394,0.03854235067123855,-0.8406098385670229,0.24383671626762257,1.3225483132696116,2.819615551349747,7.950231857413337,,
284.0,-4.6950448155521345,0.03511983085336848,-0.8054987573195955,0.21923087105249522,1.3581557272699185,3.1078139037489314,9.658507260335172,,
285.0,-16.974755746938595,0.06930165297288023,-0.9344307094417068,0.26848871299623717,1.1667993888864816,5.07438677683587,25.749401160926727,,
286.0,0.06177949945367711,0.031659685618559245,-0.8153947427474887,0.20384907388279663,1.3152399100689227,4.1755449164441005,17.435175349242172,,
287.0,-6.903906595373915,0.04470533894678912,-0.880160569604496,0.23545147343359754,1.2203120410904957,3.8716893476812344,14.989978404948342,,
288.0,2.312092538710043,0.03601773227710071,-0.8193016110756589,0.21740202526133742,1.3203717097346657,4.268090537416109,18.21659683558093,,
289.0,-6.0029933804166085,0.05131075321392482,-0.8354073218940568,0.2699028578985679,1.316987215729628,4.373272292942829,19.125510548221428,,
290.0,-0.8293450611307441,0.047787128890561255,-0.8291772981025061,0.2444247230953669,1.3092260091674897,4.388760992880162,19.261223052626463,,
291.0,-0.3187791371074775,0.05160314272819901,-0.8437411264898949,0.23672032205363594,1.2730489484993308,4.09322165732189,16.75446353596896,,
292.0,-2.654045479436443,0.03900062033470305,-0.8527401586152845,0.23793889758856632,1.2924426019461372,3.991336914789566,15.930770367361891,,
293.0,-4.3553706061096005,0.033667073494221586,-0.8608103717233817,0.2155852784359897,1.252241191947069,3.4712831644331943,12.049806807677331,,
294.0,1.807257943357761,0.03643055903081684,-0.7788359957265518,0.19596717509807157,1.3729942612971284,4.9376291844607,24.380181963238044,,
295.0,-5.801138923357936,0.050021677704234095,-0.8539879959735162,0.24652012627104986,1.2720616998605436,3.6204441698659147,13.107615987116091,,
296.0,-5.6645449901650125,0.0443742378836687,-0.8524040231770927,0.248011635576172,1.2855088468579328,4.118514874083196,16.962164768044524,,
297.0,-3.693188812459068,0.046738551189078326,-0.859322118821382,0.23826444805354516,1.2745810151410326,5.378041455773525,28.923329900018622,,
298.0,1.3813026127369261,0.03330172203549376,-0.8003921415583537,0.2025484761662939,1.3340992226774966,3.6068460665672935,13.009338547911955,,
299.0,0.5688297987561821,0.04475555774209763,-0.8028658186823714,0.2457346586827459,1.3862029830572968,4.748101929157639,22.54447192967049,,
300.0,-3.035215396618786,0.043084340885880465,-0.8048676205286721,0.25048517637697104,1.4065170045154514,3.1984011445568528,10.229769881502586,-0.8123310625896794,1.326518285524927
301.0,-7.384480479060433,0.043142664522410834,-0.8565101010527925,0.2401989834632892,1.2611664863603202,6.0093845781890485,36.11270300857637,,
302.0,-8.833076881876693,0.054511170610870005,-0.8224489378529832,0.2685509690851384,1.339841260558781,4.0022663671089225,16.018136073291252,,
303.0,-4.6072971543359635,0.05946187856648901,-0.8442826831860475,0.2800262671316245,1.334189799765395,6.912019070205576,47.776007626885566,,
304.0,-0.43995838375190355,0.04203379217152821,-0.8126965690283181,0.23784220307810974,1.352923053160466,3.771007145704248,14.2204948929525,,
305.0,-4.317119788408653,0.03622316075167206,-0.8266805091005827,0.2341836212540619,1.3121737401249551,3.531363631236503,12.47052909601986,,
306.0,-1.5183686039649835,0.05057086970425326,-0.8651932867859103,0.25226372819871834,1.258830354022379,5.469026091787148,29.91024639264861,,
307.0,-0.4431489773221442,0.03286444903846098,-0.8400284648936029,0.21922406468084532,1.271536670627859,3.2781733551249506,10.746420546251176,,
308.0,-2.882515630908662,0.03445427578767788,-0.8441617598772371,0.21482330148486675,1.2552016082325252,3.808264245889758,14.50287656652229,,
309.0,-3.8625043612278565,0.03431635031042566,-0.8126716693634769,0.21851424245247533,1.3266854128217367,3.689913845892489,13.615464190109101,,
310.0,-2.9025756194625933,0.050311043942665196,-0.8401171258801845,0.25916527663862066,1.3059191604541422,5.163004607706451,26.656616579198044,,
311.0,-3.159906926113102,0.03447288019495036,-0.8410611120076124,0.21860132178782277,1.2736931283326323,4.397242902921273,19.335745147291505,,
312.0,-0.7657071417579242,0.03900201524775102,-0.809112341459221,0.23621637402737303,1.3691630493144866,5.084814545873167,25.855338965923337,,
313.0,-2.228736319443972,0.026601485645519576,-0.8282146363500741,0.18750683647802327,1.276827142819466,2.510863165594084,6.304433836337143,,
314.0,-3.9555438118068182,0.05708338361254094,-0.8972996126410671,0.2655920206452348,1.2346784766452754,5.975503755156275,35.706645127886745,,
315.0,-2.976147391460992,0.026794053447069352,-0.8224189064654122,0.1932480576182568,1.2898861880149428,3.361125851490588,11.297166989558331,,
316.0,-2.980587451864003,0.04729415396639449,-0.8805429151943953,0.2507437131677761,1.2167964560765592,3.9943597975290825,15.954910192116575,,
317.0,-7.585786161275754,0.03582410542271847,-0.8093568043460386,0.21186222879198202,1.3239541541055213,4.298798856778158,18.4796716110372,,
318.0,-0.7279265032577553,0.044370612580440644,-0.8273708609799434,0.23892978988029237,1.3104990898328905,4.116211876295441,16.94320021055564,,
319.0,-3.428485514197381,0.04346149759871896,-0.8070650886857653,0.246831001373559,1.3476546486662788,5.262815083209987,27.697222600062542,,
320.0,-6.40528087252823,0.048916071346094124,-0.863033059206624,0.25658725906255986,1.2670828011785416,4.876818881488013,23.783362402838,,
321.0,-2.7380038328015814,0.04037190746068208,-0.8435978016260951,0.24182008693689575,1.2898358728865853,3.995655055347358,15.965259321322897,,
322.0,-1.1856210301248387,0.03746403262858426,-0.8064607686273843,0.2351088230680505,1.3676066078331401,3.8737956200548895,15.006292505956447,,
323.0,-1.8504791184742235,0.05162519168016548,-0.8540920328263883,0.26020036528327356,1.3018206055525012,5.455998513167871,29.76791977569002,,
324.0,-7.931992362032065,0.047902122756893845,-0.8628495499959559,0.2711296028003784,1.2736742331877022,5.608048618789341,31.450209310705034,,
325.0,-4.4274920715342665,0.03375515884008395,-0.7906425780655894,0.2249040495517312,1.3730014518920124,3.4049873942797295,11.593939155203863,-0.7941802359246004,1.395256425733368
326.0,-2.4139711673170003,0.03339158328919248,-0.8374076152034591,0.22279241863677568,1.3081497397504631,4.520518031691008,20.435083274843542,,
327.0,-0.795877095131271,0.03417807438299443,-0.8029339632865311,0.22680678330366905,1.3549724414200108,4.573315821559639,20.91521760372772,,
328.0,-1.0166234886373529,0.039402765370252196,-0.8593377088479766,0.24079303451251846,1.2565956261201072,4.145010622729868,17.18111306254345,,
329.0,0.6081510541562752,0.040617601482038454,-0.8778447054335873,0.23872793803930875,1.219856205674839,4.556190391887288,20.758870887126037,,
330.0,1.0751874310858411,0.05183757554219576,-0.8541364445866313,0.26123453431441285,1.2723613113401067,6.440047772069698,41.474215306539875,,
331.0,-6.731665259381405,0.06873216896022681,-0.8671595457192316,0.30284669298948524,1.2756956097577457,4.137657422891498,17.120208949209108,,
332.0,-2.5657448103151337,0.029938127445705353,-0.8062862655327561,0.21399967948931603,1.3359491060166897,3.145288068585588,9.89283703438686,,
333.0,-6.150297976573485,0.04416537146173591,-0.8643261987172637,0.2493283403647545,1.2584232388995542,6.465534581485096,41.80313742437966,,
334.0,-3.0887869637975522,0.042699859632957846,-0.8148702422484718,0.2524154425562744,1.3621162597946372,5.275880975905086,27.83492007191721,,
335.0,-1.1898174389400167,0.041020142027844264,-0.7979976984813951,0.24419359011808955,1.390031739620639,3.9823830364436605,15.85937464895423,,
336.0,0.8031278732184615,0.03423105533143437,-0.832538436949193,0.244998401527389,1.318572421703917,4.00405088202488,16.03242346584422,,
337.0,2.4757439263438554,0.03497917459530804,-0.8345999893252998,0.23051500098274472,1.3143208310946393,9.999999113777225,99.99998227554528,,
338.0,0.48661238610639446,0.03633742520786496,-0.8006334023244949,0.2280983754353731,1.361623134741487,8.876689187807706,78.79561093694223,,
339.0,3.3719329081236937,0.06950971492825345,-0.8780367416733958,0.293514418851733,1.2880843718710722,5.217983910589061,27.227356091166314,,
340.0,-4.935965856656899,0.037395478023577816,-0.8583037431740331,0.23682139645692318,1.275851819040391,5.722883077182687,32.75139071510398,,
341.0,-11.69251000710073,0.04135878249706513,-0.7991473921236296,0.2453447561237859,1.3929132225058094,7.5485974873278305,56.98132402569203,,
342.0,-2.5371574084132913,0.0412314887221516,-0.7941181384536491,0.22923968365171674,1.3690333400156516,7.809189048997926,60.98343360298913,,
343.0,-1.6531333311046048,0.034588166785641895,-0.7997699433588583,0.23287150546160604,1.3592675144966497,4.18642465228711,17.526151369277255,,
344.0,2.1639804124481525,0.06952853317928888,-0.8420272664248742,0.31498520753999554,1.3534121945653212,5.94771728580882,35.375340911909035,,
345.0,2.183742839255389,0.04624841275813184,-0.8361968845104764,0.26594006061175635,1.3255550253677963,5.348917086176104,28.610913994786657,,
346.0,-1.0205337685630258,0.052065295267538954,-0.9022778826200608,0.25544189533300476,1.229500479073597,9.278592030063924,86.09227006036576,,
347.0,-4.331557694842827,0.023112359471717386,-0.8542772427789387,0.19424881079833792,1.23521481794082,3.231948819614673,10.445493172608678,,
348.0,-12.208881672505463,0.03866129887934832,-0.8094329873787502,0.23281328419223,1.360673241633291,5.024764990356311,25.248263208310462,,
349.0,-2.9976579045589156,0.05540301374256057,-0.8794449761724182,0.26890031538796355,1.237976270160139,7.151522001632692,51.14426693983647,,
350.0,-4.6743862986219,0.036455104341558756,-0.8301830060028426,0.22128126334566697,1.3039836450131448,4.459157744063781,19.884087786443985,-0.8071372380657199,1.368769539070537
351.0,-0.4248665836720724,0.03155059219946536,-0.8404366434282498,0.21892818490382965,1.289902259841559,9.546483311546375,91.13534361763342,,
352.0,5.656562300812464,0.053696225659841036,-0.8716199377768168,0.28302863025119873,1.2845758625840304,6.906164804387251,47.6951123053572,,
353.0,-0.007146278673009987,0.04281353738183156,-0.8221603714927835,0.2628182366230867,1.356024760628499,7.091768573192352,50.2931814957187,,
354.0,0.20766511478062843,0.05878072017110966,-0.8898485690191344,0.27736493303186827,1.2092607824987498,8.82678799977363,77.91218639294777,,
355.0,-4.239379847675373,0.04519415072031711,-0.8736673318116571,0.25717129038992337,1.2351106264395924,4.7368380831757255,22.43763502622388,,
356.0,-10.760926603740314,0.05134068413524049,-0.8321974220745418,0.2906623952864386,1.3341256549798817,4.198648530971813,17.62864948663176,,
357.0,-3.515274318838394,0.046197947879390126,-0.8266139316584008,0.27169687798195624,1.347136966309768,6.053631349505934,36.64645251572104,,
358.0,-2.091319552771118,0.046389402591384445,-0.8593954720100992,0.25941402154720805,1.2667940929470747,6.097865034082699,37.1839579738884,,
359.0,0.7300531159044328,0.028642453601176232,-0.8077495423583727,0.18746131207294597,1.308411578559372,4.98469669011301,24.847201092423596,,
360.0,2.238165274792458,0.02988406003011642,-0.8184023991226488,0.2157149649463108,1.3256831778171367,5.173034112941377,26.76028193365518,,
361.0,-1.5429979310677422,0.04547814505217833,-0.8515659684472257,0.27130095986932723,1.2967347220230305,7.935715431523774,62.97557941012457,,
362.0,0.012447867399564161,0.04021016285839523,-0.8327215087767483,0.23798216676928466,1.306422282267986,8.051968852933,64.83420240860315,,
363.0,0.8253247452963584,0.0340523437357218,-0.8085198006773473,0.20554320920787955,1.3257701046306938,6.019564154617784,36.235152611559315,,
364.0,-1.6183144345599,0.0322102671820345,-0.7785036153958478,0.22404093094099634,1.3974115468764468,4.58596098192687,21.03103812775566,,
365.0,2.285219426022718,0.04468149431767861,-0.8919520889846543,0.250686374236562,1.2144089304539256,9.881734862180755,97.6486838864385,,
366.0,-4.413146672894273,0.043270350164385185,-0.8454229300075538,0.25868221117361684,1.2909495058756522,9.999999149614803,99.9999829922968,,
367.0,-2.4123640340784425,0.030198642489553312,-0.7910460635121845,0.1954139945675256,1.3442877093602827,6.444021695202464,41.52541560824004,,
368.0,3.0348575002518268,0.055560243476826254,-0.8463680602121728,0.2598152200227919,1.2882117643321682,8.095383064402572,65.53522695941598,,
369.0,-5.230348846256878,0.0338120403834633,-0.8311948321280448,0.23101933799264537,1.3013515994960252,5.181353681919497,26.846425977140736,,
370.0,-3.5685827732148985,0.04823378758666323,-0.8593523397567953,0.2750270791397444,1.2902789980644531,6.77648518395985,45.92075144842737,,
371.0,-2.7861440991551154,0.03660093889218478,-0.8270312701387775,0.24287693993153828,1.3192710644828218,3.3126446823604034,10.97361479157066,,
372.0,0.41349296355178,0.03682506513674119,-0.8152108186489082,0.24163869042123512,1.3396634832697756,5.010608389581287,25.106196433742376,,
373.0,2.6486508912819833,0.026492172852010654,-0.7974646673218748,0.20112655061859824,1.3423042774696867,4.71804333928932,22.259932951412317,,
374.0,2.8977225743806807,0.02469523388154228,-0.8461406383410918,0.19040662139687053,1.2414454676791826,3.6987096715530132,13.680453234439797,,
375.0,-1.3230621091963752,0.03631212441952001,-0.876790667312188,0.22672706618455205,1.2116435165253403,6.233123013586626,38.851822502503225,-0.804272948709311,1.374237139533112
376.0,-2.32987200107281,0.0396683979757036,-0.9038758286738503,0.23245373255906293,1.1830310665869885,3.600544536101722,12.963920956451965,,
377.0,-10.387742209386019,0.028346781500265924,-0.8423198249542183,0.19974292487853246,1.2577784982678923,4.484618656198954,20.111804491527714,,
378.0,-10.24738576136141,0.037801333223043805,-0.8333515050169358,0.22472542813632818,1.2872601619207984,6.031285198689221,36.37640114792767,,
379.0,-5.293074146242102,0.031550571518325826,-0.8674619241163578,0.21951110793034567,1.2218353287806996,5.382284243228872,28.968983674909794,,
380.0,0.13046203384622757,0.032337342939408244,-0.871817604193239,0.23450121948236008,1.232595430893554,5.395321921619293,29.109498637905695,,
381.0,3.9820049831110564,0.053896713154161106,-0.869097098909343,0.2795512665929339,1.2804405019324243,5.944152299390725,35.33294655835205,,
382.0,1.2937012381615345,0.02484246027297078,-0.8637907389807533,0.1992777890789058,1.2273507019982004,4.488088088760748,20.14293469247611,,
383.0,-0.8011523979288222,0.03998989730038851,-0.8657185087600182,0.2537699922314011,1.25494836285753,6.240388868236452,38.94245322680943,,
384.0,0.5534342408492785,0.03001203652505506,-0.8680360533747831,0.21477854461752047,1.2259799709832224,6.3575906108931814,40.41895837571714,,
385.0,-4.404123858341226,0.025949189643945686,-0.8447797430212481,0.20606057963557065,1.259554327774954,5.209125172478665,27.134985062550886,,
386.0,0.6818750168845751,0.026809591306930038,-0.8860140985524196,0.21012974269103885,1.1953996345594735,7.894617240793423,62.324981378632756,,
387.0,-1.3749861851955552,0.03120237170904994,-0.880882624259461,0.22729558809374797,1.2101860159933735,6.791366579483397,46.122660016924016,,
388.0,-4.878888299383537,0.02186786675363483,-0.818754091297611,0.18014904795476303,1.2782042540062162,4.532503607580539,20.5435889527306,,
389.0,0.42700675843680536,0.02045732260845635,-0.8495405047121694,0.18375917200712447,1.2317612657379209,5.601583364894258,31.377736193860073,,
390.0,-0.2707100735801666,0.020097334552156104,-0.8044084175339115,0.16066049699573834,1.2927778301716826,4.652708476875094,21.647696170785352,,
391.0,1.6187488910601742,0.028170303884261144,-0.8633188910630475,0.21044528973470927,1.2278410225215812,6.009460536236995,36.11361593658983,,
392.0,0.26675173760740123,0.0313819723138772,-0.8474403662242331,0.22244624670477112,1.265775457995649,9.99999916782467,99.99998335649411,,
393.0,0.5626634472897938,0.03189556829146177,-0.8786277903307971,0.22312265031018857,1.218712180492577,5.323897732498432,28.343887066101946,,
394.0,-7.10492662891205,0.02939406030234769,-0.8043253109228067,0.21898483390614787,1.3347128490594327,5.1681096213414,26.709357058201547,,
395.0,-3.37861509439978,0.025460205110977484,-0.8046513700733747,0.19239998321089444,1.3211855102021146,9.999999072708652,99.9999814541739,,
396.0,0.13976179902780983,0.02223516580643327,-0.7937735840449738,0.1987109519403759,1.3461914514820594,3.5880206526580296,12.873892203900553,,
397.0,5.298204623373219,0.03272304696801662,-0.8348338286424908,0.23084171023872338,1.2881889177870791,7.583671775931513,57.51207760506023,,
398.0,7.710928965858429,0.028140045334722395,-0.8544555558901479,0.19826118727188483,1.2374016184419552,6.95922922894972,48.43087146106812,,
399.0,1.3680863828814638,0.03404761961793004,-0.8519363018079521,0.22696131435814912,1.2702036449392342,4.87671181728556,23.782318148852635,,
400.0,-5.035362842998779,0.03648858685409648,-0.8796601640349044,0.23391520901366766,1.2108112324237303,8.264981167498448,68.309913699104,-0.8346668758038378,1.2676113076706919
401.0,-15.593085942452078,0.03588435626012198,-0.825635299472203,0.2225320191484724,1.2982257898632181,5.529965085540571,30.580513847297734,,
402.0,-11.070938392219759,0.036673479862810554,-0.822900005810685,0.21290116287912614,1.2938720599565747,7.159030367309452,51.2517158000589,,
403.0,-0.41463917980269316,0.03564518717492247,-0.8069359599573236,0.21947632678132437,1.335663867128135,4.78447912714012,22.891240518039485,,
404.0,10.552523942185747,0.020213436417569734,-0.8233176645508921,0.19364835313415435,1.2889553130506857,4.76859813099635,22.739528134941878,,
405.0,18.952782197623957,0.04362058165013341,-0.8177649155027381,0.24795384133425413,1.3460472602191174,8.767743181916552,76.87332050404419,,
406.0,5.4128780312059845,0.016754190067743133,-0.7945361865154923,0.15187626276139166,1.304495409936494,8.77553616775833,77.01003503163457,,
407.0,2.6066586393647375,0.03104241342517799,-0.8327507590736782,0.20217641641874598,1.2679968871961564,9.999999084372243,99.9999816874457,,
408.0,-3.1899686258749944,0.04005996170412192,-0.8468569606685142,0.25080576524211423,1.2991865053776768,9.999999001380766,99.99998002761632,,
409.0,-13.504585810796799,0.0416924984261208,-0.8258867620253252,0.24673269757518387,1.3136581651089925,8.111313324529393,65.79340384868807,,
410.0,-14.676373952583347,0.025683149303625478,-0.8319800663451273,0.17820854862491117,1.2662192067383395,8.178081431559846,66.88101590122393,,
411.0,-5.068339225753894,0.05208000655949359,-0.8578174059421266,0.2824894941833067,1.274512385261601,9.999999085162626,99.99998170325335,,
412.0,-0.7558343566778007,0.017550611469462286,-0.8108962518458172,0.16377351608133625,1.2911943090698372,2.833213030773062,8.02709607774228,,
413.0,10.124176457365063,0.03778065314932541,-0.8277306654800427,0.24886358570777758,1.3249544028624367,9.999999036368958,99.99998072738009,,
414.0,9.058104189673237,0.025800166731319674,-0.8261283579182725,0.20246689975345156,1.2925741768478343,3.9046797782151956,15.246524170402669,,
415.0,4.963636577635993,0.029346083184837668,-0.8073270414416229,0.22906358823111206,1.3446452825534358,8.237635138573198,67.85863267625587,,
416.0,9.089664818586863,0.03236690768207726,-0.8536478866865405,0.21207087285538376,1.247787759743881,4.773041159575881,22.78192191100547,,
417.0,-6.805671600139955,0.031784284282251746,-0.8209752706830752,0.22536224240966674,1.3097806915999,8.207315531637596,67.36002823585972,,
418.0,-7.9733439179452805,0.02786039658741601,-0.8511240854134388,0.21802369276207065,1.2506923867653528,6.877833087971044,47.30458798598931,,
419.0,-9.144449006830065,0.034894931631134225,-0.8625318185592524,0.23323653573880845,1.264719913500564,9.999999007449349,99.99998014898797,,
420.0,-3.6684490770180833,0.02335562266271634,-0.8401606978408854,0.1669583105389528,1.2443939636697396,3.457807107991957,11.956429996079702,,
421.0,0.2755203416491129,0.027610332012402684,-0.8503840419449861,0.2076690029979401,1.2618797821237098,9.999999200797282,99.99998401594628,,
422.0,5.854987867286644,0.036169568624821055,-0.859321489909171,0.23547491731478284,1.2428593969469133,6.791798732320035,46.12853002034404,,
423.0,4.363483257563683,0.021583233459321994,-0.8399743717847001,0.18677327257241244,1.254049679632617,5.400291607286196,29.16314944372572,,
424.0,5.756483566895353,0.024499309291035703,-0.8267857411280009,0.19210253184360643,1.2755969545927064,9.35524649369221,87.52063695774038,,
425.0,0.7724897305406958,0.017499973762472584,-0.8336937969729926,0.1609673605388921,1.2479513995589127,9.999999104142931,99.99998208285942,-0.8223654533810887,1.2872777828989184
426.0,-2.214503299766514,0.02819297410894955,-0.872070986356399,0.21340167133135,1.2254865071583392,4.938182270472915,24.385644136413028,,
427.0,-8.626502580149362,0.024476397094698607,-0.8197856404990781,0.18224201254102587,1.277543359609774,9.999999015222581,99.99998030445258,,
428.0,-2.374083579333702,0.022865184031141322,-0.8343779304898675,0.1913993105361748,1.2592086271617584,4.227802347296452,17.87431268780539,,
429.0,-2.1661883325601936,0.02595388355412533,-0.8284179993431097,0.1879090234036261,1.2664274652893301,9.999999051165982,99.99998102332054,,
430.0,3.9699375682300073,0.026406067721532926,-0.8455252813782274,0.21213548505221197,1.254266844680621,6.645408524091749,44.16145445207128,,
431.0,5.020989007293067,0.022913046908992363,-0.8572995746292753,0.1937497307446072,1.227283929360519,7.66189500039078,58.70463499701323,,
432.0,3.9531391790658805,0.03465519447452737,-0.9047911795905232,0.21666175006781016,1.1724557766266617,3.3262426480144263,11.063890153470023,,
433.0,-4.0994963200186,0.024852415079506588,-0.8748841135543772,0.20538483429789617,1.2088796886043627,7.046033401219028,49.64658669109419,,
434.0,-6.974168151103557,0.03020611222677326,-0.8655243420403012,0.2174174093291792,1.2245954698554224,8.539497978848186,72.92302573075224,,
435.0,-9.392021861843716,0.025832202472456947,-0.8403690228086719,0.19071519189416533,1.2545515469960598,6.146730316844551,37.78229358801592,,
436.0,-2.1920901061672455,0.029295415764980386,-0.8400685029431241,0.2172933675242504,1.2751182636893463,4.162831660505583,17.32916743370767,,
437.0,0.8142286950085011,0.029493223642634795,-0.8552071781685323,0.21544346085591534,1.2437715710145818,6.890720917246904,47.48203475938402,,
438.0,1.712099809147781,0.026062764592622578,-0.8399704625832591,0.20821412827943062,1.2628880651554328,8.722568507973714,76.08320137629478,,
439.0,2.4503222668095415,0.02252825870097544,-0.8196158736827914,0.17312281531952267,1.2714358009461164,5.248170069066806,27.543289073848683,,
440.0,1.3018723362832951,0.023622671475775854,-0.7947367462512556,0.1964554099944196,1.3429010046023349,8.71641759211986,75.97593564021659,,
441.0,-1.7218598531707028,0.020274090357577962,-0.8187950654248519,0.18488509795066513,1.2864640611697857,5.2608476757100195,27.67651826702351,,
442.0,0.5262214092696309,0.02483621936738611,-0.8450291477153267,0.1905519336897873,1.2454321161527098,9.10128688317733,82.83342292989573,,
443.0,-3.131054247428078,0.024171217172936577,-0.8503295050394931,0.21318525263907243,1.2558971229095017,7.490401562510529,56.10611556766018,,
444.0,-7.7989729897031355,0.028690186369606945,-0.8354400110917243,0.2040390691598756,1.2720639655323462,4.277860268080968,18.300088473225767,,
445.0,-3.8516955806083484,0.031738186225572444,-0.8185038761449277,0.2137404536245786,1.3086950954542593,6.0001771459372435,36.0021257826276,,
446.0,0.9114744620563414,0.024274886593288185,-0.8340494127105785,0.19364301451595667,1.2608208326190695,7.6041256547100575,57.82272697261966,,
447.0,4.211822987963759,0.024237961841945033,-0.8287187397533046,0.20409265454154968,1.2851640515093075,8.071957355405031,65.15649554747739,,
448.0,-0.09549070437221263,0.021930252058839285,-0.7940936609771418,0.1966992041915113,1.3438521851198635,4.337795836586078,18.81647271990351,,
449.0,6.0707328133356295,0.022599699774032925,-0.8136570770239359,0.2033119657178093,1.3163850609990286,5.3550951448728075,28.677044010640316,,
450.0,4.62471502248026,0.030609309932806604,-0.8370991627349389,0.215789637128138,1.2646173130513114,9.22643321269245,85.12706982827433,-0.8347081392089899,1.2633208953144774
451.0,4.7210185886315825,0.031177815980127463,-0.8579195957522651,0.2126852558509177,1.2394287709929053,8.212485473348991,67.4449176499682,,
452.0,-12.472337217591846,0.03436175969258937,-0.7933535549009179,0.23021698972222815,1.368104826563843,9.999999162098248,99.99998324196568,,
453.0,-3.3272390188067598,0.03297106501348888,-0.8705453685183863,0.23033121910083276,1.2229817341826745,7.1224145782511865,50.72878942448502,,
454.0,-10.163858763486509,0.026758383891196908,-0.8347274985165374,0.19979433370065255,1.268231978096156,5.022766702514512,25.228185347888505,,
455.0,-6.348762405234149,0.021290353581665315,-0.8119818857718557,0.175459958059806,1.3001814524938486,4.943244821481908,24.435669365107707,,
456.0,3.4590355161881745,0.024713664567503492,-0.8016649614533482,0.20519884809501207,1.3348973198754366,7.881652137953036,62.12044042369968,,
457.0,19.198901222361858,0.03717908039392963,-0.8476168671656196,0.250958603513948,1.278553114871691,9.999999064354833,99.99998128709755,,
458.0,12.276949909675025,0.022225354214676942,-0.8290978463818464,0.188000234734355,1.2707751930603899,9.999999498865547,99.99998997731117,,
459.0,10.418885227859931,0.02415693562708193,-0.8420648131314068,0.1749206712380438,1.2395881136973386,9.999999567871411,99.9999913574284,,
460.0,-9.883289773212427,0.024753629494710747,-0.8337626133772662,0.2043325611687592,1.2746807644806064,9.159692647150301,83.89996939025929,,
461.0,-16.87323052060132,0.014997314602473187,-0.8032592848437192,0.16128523418656443,1.2974198452210266,6.085209449539071,37.029774044759606,,
462.0,-6.354163271015006,0.02629754566881388,-0.8714445277765968,0.2142893294293752,1.221016423076101,9.999999544796948,99.99999089593915,,
463.0,-10.685190807889924,0.02663248384347935,-0.8620463745222418,0.21152421689431872,1.23396660336146,9.999999528828559,99.99999057657138,,
464.0,-17.42671162728734,0.02353598043267842,-0.8268262366168311,0.1783171944763104,1.278193425793377,9.999999358461656,99.99998716923353,,
465.0,0.04653699180251181,0.031171913437453957,-0.842575962087872,0.22450046186890807,1.2732762513845621,9.999999217257574,99.99998434515209,,
466.0,8.924317133572126,0.03322027630464936,-0.8095755971664131,0.23498172085996638,1.3563945601463399,9.9999996325015,99.99999265003015,,
467.0,20.31835149975304,0.029910507848410647,-0.8382385880165315,0.23034856602361053,1.2852524528207492,9.90221289178421,98.05382015421739,,
468.0,18.570584571866565,0.0356718406312175,-0.8482273445579025,0.22893497942737553,1.2652117691978013,9.999999596135833,99.99999192271683,,
469.0,-3.327145976079476,0.018109692595079753,-0.8273881568225392,0.17996473750066339,1.2783866124582761,9.999999434579472,99.99998869158975,,
470.0,6.423380066684957,0.03413579279808771,-0.9053849410030158,0.2285776748152393,1.1733655498554927,9.999999361502303,99.99998723004646,,
471.0,-13.886101020635401,0.036001838746334974,-0.8667522479062532,0.24248569822949667,1.2676834091490448,9.999999469655966,99.99998939311962,,
472.0,-29.630172663200813,0.03819621195872123,-0.8589307968589979,0.25364704001823984,1.2759941710986222,9.999999211800214,99.99998423600488,,
473.0,-32.50174950622601,0.037031529982162845,-0.8305304915972025,0.2331448343632801,1.3136212358717043,9.99999948015565,99.99998960311325,,
474.0,-11.427439416110621,0.026551236702755065,-0.7986406725082028,0.19929861382594105,1.3383937251799662,9.999999138389416,99.99998276778905,,
475.0,30.84507482203021,0.03132285884638895,-0.85185351251335,0.23712854505379605,1.282940469078952,9.999999251255048,99.99998502510151,-0.8418506804988727,1.2497166704326332
476.0,37.869299631302816,0.024189276230228533,-0.8456239115206521,0.2011109072501444,1.2565976110467654,9.99999928362907,99.99998567258189,,
477.0,37.47606420547632,0.028263494723697782,-0.7965017825301643,0.20434996250957224,1.3454142297944527,9.999999514543882,99.99999029087786,,
478.0,26.490475707077742,0.04852681869387377,-0.8674707762373781,0.2577695885206489,1.2440896765270235,9.999999577254405,99.99999154508828,,
479.0,-17.47940677769179,0.027790985878748425,-0.8090949361611501,0.21830599815794913,1.3279550051732962,9.999999182321163,99.99998364642393,,
480.0,-14.799177513666516,0.024495652412401182,-0.8795570212510946,0.19622372274740868,1.1969382488402769,9.999999021253975,99.99998042508048,,
481.0,-36.50043572335879,0.03912268968544849,-0.8418089470133672,0.2528328759035344,1.2942386364023422,9.99999930212209,99.99998604244227,,
482.0,-24.52218952757189,0.03708485102068459,-0.8592053690511481,0.25006569361530834,1.2659171934739502,6.032394830960698,36.38978739660134,,
483.0,-36.39681109885446,0.03433483988616757,-0.7814426057740406,0.1831182884350927,1.3713752874420349,9.999999794651723,99.99999589303451,,
484.0,20.387982771789755,0.02692058287925917,-0.8480312006529519,0.2167752192579865,1.2600239424560105,9.999999316126218,99.99998632252483,,
485.0,28.940652073428964,0.031900976560701316,-0.844861056981821,0.22837672315950516,1.2695565986210053,9.999999032538987,99.99998065078069,,
486.0,25.270540457518678,0.033457454047462615,-0.8270238084304039,0.23248402076561106,1.3020337904822632,8.39640340987417,70.49959022134658,,
487.0,21.319406543019056,0.030680906943914406,-0.8378183844453462,0.2232316012821882,1.2887310539266976,7.418976005382154,55.04120496843615,,
488.0,-1.8584891415809066,0.0250898651851849,-0.805780428697241,0.19398737374271016,1.3167873496140574,8.277639359275508,68.51931336222705,,
489.0,-15.073827634486458,0.021200340105720826,-0.7855171793066236,0.18795853589560216,1.351756028341831,7.916470846488543,62.67051066330302,,
490.0,-0.8441561482304003,0.03339310471593945,-0.8565783875749504,0.23653588069978373,1.2593568041953467,9.999999200805618,99.99998401611302,,
491.0,-9.25040157092424,0.022196780115048033,-0.8416408716906797,0.18923364716766042,1.249959338026164,7.308024917616848,53.40722819650873,,
492.0,-6.188401239085939,0.03373667096499795,-0.8803346840081065,0.23430350878326342,1.218941687129019,9.99999926380097,99.99998527601994,,
493.0,-18.681180329386876,0.03723171701630911,-0.8637139500749689,0.23845592705591728,1.244084973501387,5.058316124948039,25.586562019909344,,
494.0,-16.133743596562837,0.036951694117758976,-0.8339864748229882,0.22350538115401916,1.2736712789241822,9.99999918668946,99.99998373378986,,
495.0,0.938995663393837,0.02481692164262702,-0.8266539748189711,0.1999296417642256,1.2878105407516753,9.999999527804187,99.99999055608397,,
496.0,12.093069198921848,0.03147581726598591,-0.8531513078102613,0.23167913464054768,1.260854137205749,7.732369993032092,59.78954570914313,,
497.0,13.34523072355583,0.033887403322291385,-0.821311109041156,0.2402579155407548,1.3162300642547204,9.999999194612629,99.99998389225323,,
498.0,17.766001335520393,0.022815616062819285,-0.8256681339227441,0.18882734998899972,1.281698307182998,4.709815034584279,22.182357659996114,,
499.0,16.102026113296507,0.037612344341864105,-0.8515432706857553,0.23260217043706016,1.249095296247122,8.613465968970539,74.1917959986136,,
500.0,4.889036952137047,0.03316949693184159,-0.8660182318645482,0.21761806940208736,1.2255226081528703,9.999999025552581,99.99998051105258,-0.8162064212598498,1.2916707510305214
